frequency,word
1,的
2,我
3,你
4,是
5,了
6,不
7,在
8,他
9,我们
10,好
11,有
12,这
13,就
14,会
15,吗
16,要
17,什么
18,说
19,她
20,想
21,一
22,很
23,知道
24,人
25,吧
26,那
27,来
28,都
29,个
30,能
31,去
32,没
33,和
34,他们
35,到
36,对
37,也
38,啊
39,还
40,把
41,让
42,做
43,给
44,一个
45,上
46,你们
47,过
48,没有
49,得
50,看
51,真
52,着
53,事
54,这个
55,怎么
56,现在
57,可以
58,点
59,呢
60,如果
61,只
62,别
63,哦
64,但
65,被
66,走
67,太
68,这样
69,里
70,跟
71,告诉
72,因为
73,自己
74,再
75,听
76,这里
77,快
78,谁
79,但是
80,多
81,用
82,时候
83,下
84,已经
85,谢谢
86,为什么
87,觉得
88,天
89,像
90,这么
91,它
92,从
93,先生
94,找
95,最
96,喜欢
97,可
98,为
99,大
100,可能
101,需要
102,是的
103,死
104,次
105,出
106,那么
107,干
108,那个
109,嘿
110,们
111,话
112,而
113,么
114,东西
115,应该
116,孩子
117,起来
118,所以
119,这些
120,才
121,两
122,错
123,还有
124,又
125,小
126,中
127,叫
128,嗯
129,该
130,等
131,问题
132,一起
133,拿
134,更
135,开始
136,帮
137,打
138,爱
139,带
140,时间
141,年
142,请
143,回
144,工作
145,然后
146,当
147,见
148,钱
149,噢
150,一样
151,事情
152,就是
153,吃
154,所有
155,开
156,一下
157,家
158,非常
159,看到
160,希望
161,那些
162,哪
163,当然
164,也许
165,行
166,朋友
167,妈妈
168,相信
169,前
170,嗨
171,认为
172,将
173,这儿
174,今天
175,明白
176,一直
177,看看
178,车
179,时
180,杀
181,地方
182,不过
183,呃
184,发生
185,几
186,回来
187,准备
188,找到
189,后
190,爸爸
191,一切
192,抱歉
193,比
194,感觉
195,些
196,只是
197,怎么样
198,出来
199,不要
200,对不起
201,问
202,离开
203,一点
204,一定
205,起
206,还是
207,发现
208,所
209,住
210,件
211,正
212,而且
213,并
214,必须
215,意思
216,放
217,不错
218,肯定
219,电话
220,为了
221,搞
222,棒
223,第一
224,妈
225,地
226,进
227,那样
228,大家
229,新
230,您
231,向
232,一些
233,三
234,那里
235,以为
236,高兴
237,嘛
238,老
239,位
240,过来
241,掉
242,先
243,等等
244,生活
245,之
246,买
247,种
248,医生
249,最后
250,之前
251,伙计
252,手
253,任何
254,很多
255,哪儿
256,这种
257,上帝
258,女人
259,名字
260,认识
261,坐
262,今晚
263,其他
264,喝
265,记得
266,家伙
267,与
268,或者
269,写
270,穿
271,弄
272,过去
273,哪里
274,啦
275,却
276,算
277,担心
278,继续
279,送
280,女孩
281,以
282,玩
283,亲爱
284,下来
285,成
286,条
287,够
288,父亲
289,以前
290,跑
291,月
292,早
293,美国
294,长
295,完全
296,宝贝
297,号
298,枪
299,狗
300,可是
301,世界
302,小时
303,重要
304,谈
305,别人
306,男人
307,头
308,机会
309,岁
310,出去
311,活
312,看见
313,者
314,打电话
315,喂
316,好像
317,得到
318,警察
319,完
320,张
321,儿子
322,之后
323,漂亮
324,分钟
325,接
326,场
327,再见
328,求
329,刚
330,如何
331,比赛
332,呀
333,情况
334,变
335,关系
336,真是
337,女士
338,本
339,马上
340,决定
341,见到
342,根本
343,关于
344,那儿
345,难
346,只要
347,里面
348,每
349,份
350,到底
351,了解
352,明天
353,站
354,结束
355,公司
356,成为
357,永远
358,帮助
359,来说
360,多少
361,哇
362,名
363,它们
364,总
365,确定
366,有人
367,清楚
368,晚上
369,安全
370,怎样
371,没什么
372,块
373,回家
374,留
375,周
376,愿意
377,计划
378,爸
379,俩
380,停
381,不能
382,他妈的
383,说话
384,另
385,心
386,花
387,她们
388,有些
389,门
390,感谢
391,谈谈
392,定
393,于
394,以后
395,管
396,照片
397,每个
398,欢迎
399,敢
400,兄弟
401,从来
402,总是
403,嘴
404,跳
405,拜托
406,女儿
407,抓
408,小姐
409,动
410,赢
411,消息
412,女
413,忙
414,或许
415,如此
416,队
417,无法
418,房子
419,拉
420,衣服
421,听说
422,救
423,参加
424,办法
425,睡
426,唯一
427,回去
428,人们
429,晚
430,该死
431,闭
432,选择
433,坏
434,原因
435,下去
436,受
437,连
438,好好
439,全
440,确实
441,挺
442,此
443,水
444,混蛋
445,杯
446,保证
447,学校
448,卖
449,信
450,接受
451,改变
452,舞
453,看来
454,高
455,麻烦
456,出现
457,打算
458,电影
459,试
460,身上
461,房间
462,美
463,不管
464,书
465,特别
466,注意
467,球
468,查
469,忘
470,甚至
471,保护
472,真正
473,结果
474,表现
475,拍
476,其实
477,小心
478,进来
479,路
480,呆
481,四
482,久
483,当时
484,或
485,懂
486,只有
487,怎么办
488,第
489,马
490,讲
491,绝对
492,长官
493,员
494,进去
495,至少
496,律师
497,喔
498,整个
499,听到
500,表演
501,正在
502,无
503,已
504,笑
505,选
506,感到
507,那边
508,远
509,儿
510,故事
511,疯
512,换
513,结婚
514,猜
515,咱们
516,床
517,处理
518,妻子
519,进行
520,内
521,是否
522,段
523,令
524,刚刚
525,案子
526,行动
527,第二
528,努力
529,害怕
530,酒
531,发
532,调查
533,失去
534,歌
535,成功
536,唱
537,考虑
538,刚才
539,约会
540,节目
541,通过
542,之间
543,别的
544,学
545,开心
546,母亲
547,辆
548,主意
549,探
550,丈夫
551,待
552,变成
553,倒
554,离
555,解释
556,往
557,万
558,联系
559,派
560,关
561,证明
562,句
563,五
564,生命
565,有点
566,靠
567,解决
568,办公室
569,难道
570,作为
571,奇怪
572,生
573,由
574,男
575,极了
576,同意
577,如
578,游戏
579,帮忙
580,指
581,危险
582,讨厌
583,曾经
584,眼睛
585,外面
586,处
587,国家
588,看上去
589,总统
590,间
591,伤害
592,控制
593,最近
594,声音
595,糟
596,快乐
597,偷
598,首
599,可爱
600,进入
601,能够
602,事实上
603,哈
604,醒
605,分
606,完成
607,部
608,昨晚
609,同
610,医院
611,不行
612,半
613,而已
614,上面
615,样子
616,少
617,有趣
618,提
619,没关系
620,斯
621,杰克
622,真的
623,部分
624,要求
625,糟糕
626,除了
627,容易
628,保持
629,虽然
630,办
631,教
632,想到
633,理解
634,证据
635,加
636,脸
637,简单
638,不同
639,夫人
640,父母
641,重
642,恩
643,曾
644,事实
645,飞机
646,家庭
647,象
648,装
649,秘密
650,法
651,尸体
652,打开
653,季
654,检查
655,早上
656,玩笑
657,任务
658,现场
659,使
660,转
661,博士
662,直到
663,紧张
664,二
665,简直
666,放弃
667,小子
668,电视
669,强
670,不好意思
671,大概
672,的确
673,特
674,药
675,回到
676,男孩
677,音乐
678,身体
679,血
680,留下
681,方式
682,伤
683,怪
684,美元
685,监狱
686,读
687,这边
688,重新
689,瞧
690,疯狂
691,收到
692,其中
693,片
694,想法
695,纽约
696,家里
697,黑
698,身
699,还要
700,作
701,后面
702,性
703,带来
704,昨天
705,不好
706,抓住
707,记录
708,点儿
709,老兄
710,来自
711,越
712,大学
713,照顾
714,太太
715,聪明
716,本来
717,加油
718,实际上
719,甜
720,怕
721,多久
722,并且
723,直接
724,对于
725,记
726,突然
727,啥
728,开枪
729,声
730,除非
731,集
732,店
733,酷
734,正常
735,死亡
736,终于
737,拥有
738,警
739,船
740,付
741,派对
742,遍
743,步
744,不再
745,鬼
746,咖啡
747,傻
748,阻止
749,想象
750,冷静
751,方法
752,犯
753,扔
754,祝
755,能力
756,完美
757,克
758,口
759,目标
760,耶
761,日
762,有关
763,精神
764,另外
765,放松
766,丢
767,休息
768,每天
769,回答
770,凶手
771,负责
772,命
773,外
774,碰
775,介意
776,梦
777,试试
778,那天
779,系统
780,睡觉
781,滚
782,谋杀
783,礼物
784,那种
785,戴
786,各位
787,错误
788,子
789,随便
790,头发
791,藏
792,关心
793,底
794,干吗
795,兴趣
796,情
797,报告
798,从没
799,替
800,面
801,经历
802,六
803,飞
804,老师
805,气
806,不用
807,小孩
808,人类
809,冲
810,自由
811,支持
812,星期
813,脚
814,很快
815,毁
816,生气
817,建议
818,做到
819,套
820,哭
821,屁股
822,生日
823,晚安
824,否则
825,画
826,病
827,线
828,光
829,安排
830,神
831,年轻
832,操
833,下面
834,姑娘
835,道
836,按
837,钥匙
838,法官
839,包
840,腿
841,自
842,选手
843,信息
844,整
845,投票
846,哥哥
847,手术
848,必要
849,身边
850,知
851,任何人
852,票
853,撒谎
854,武器
855,痛苦
856,全部
857,手机
858,忘记
859,存在
860,首先
861,组
862,照
863,交
864,以及
865,十
866,台
867,搬
868,个人
869,代表
870,坚持
871,意义
872,楼
873,承认
874,发誓
875,理由
876,显然
877,局
878,政府
879,这次
880,生意
881,眼
882,火
883,遇到
884,猫
885,即使
886,记住
887,到处
888,幸运
889,卡
890,洗
891,那时
892,干什么
893,事儿
894,混
895,犯罪
896,挂
897,跳舞
898,白痴
899,信任
900,新闻
901,未来
902,道歉
903,可怜
904,实在
905,骗
906,加入
907,病人
908,案
909,根
910,吓
911,治疗
912,原谅
913,行为
914,比较
915,边
916,双
917,婚礼
918,弟弟
919,组织
920,想想
921,见面
922,经常
923,城市
924,老板
925,合作
926,来到
927,一会儿
928,乱
929,词
930,尔
931,超
932,差不多
933,支
934,老婆
935,中心
936,可怕
937,笔
938,满
939,假
940,明显
941,研究
942,意识
943,附近
944,同性恋
945,打扰
946,好运
947,线索
948,面前
949,消失
950,妹妹
951,正确
952,位置
953,答应
954,收
955,砸
956,街
957,电脑
958,区
959,撞
960,借
961,秒
962,似乎
963,放下
964,力量
965,命令
966,同时
967,提供
968,威胁
969,输
970,号码
971,日子
972,座
973,比如
974,哪个
975,剩下
976,严重
977,感
978,享受
979,战争
980,恭喜
981,杀死
982,其
983,影响
984,利用
985,恨
986,杀人
987,脱
988,陪
989,失踪
990,认真
991,真相
992,法律
993,训练
994,米
995,值得
996,阿
997,主
998,有意思
999,热
1000,使用
1001,差
1002,方面
1003,银行
1004,恐怖
1005,尽
1006,原来
1007,警官
1008,性感
1009,自杀
1010,酒吧
1011,讨论
1012,同样
1013,身份
1014,说明
1015,什么样
1016,安静
1017,岛
1018,模特
1019,多么
1020,足够
1021,饿
1022,学生
1023,红
1024,鸡
1025,养
1026,下午
1027,仍然
1028,一旦
1029,追
1030,动作
1031,谢
1032,意味着
1033,受到
1034,群
1035,之一
1036,因
1037,约
1038,第三
1039,赶
1040,面对
1041,怀疑
1042,慢
1043,居然
1044,就要
1045,拒绝
1046,家人
1047,雷
1048,演员
1049,烧
1050,真实
1051,交易
1052,破
1053,停止
1054,人生
1055,清
1056,因此
1057,恶心
1058,受伤
1059,夜
1060,婊子
1061,属于
1062,舞蹈
1063,根据
1064,几乎
1065,算是
1066,演
1067,尼
1068,答案
1069,出色
1070,目前
1071,活动
1072,锁
1073,梦想
1074,最终
1075,大人
1076,再次
1077,既然
1078,人员
1079,英雄
1080,坐下
1081,感受
1082,副
1083,事件
1084,吻
1085,罪
1086,逃
1087,通知
1088,不得不
1089,无论
1090,放开
1091,刀
1092,后来
1093,愿
1094,适合
1095,允许
1096,失望
1097,意见
1098,获得
1099,要是
1100,近
1101,数
1102,公寓
1103,文件
1104,只能
1105,白
1106,寻找
1107,攻击
1108,烂
1109,不然
1110,邀请
1111,尽管
1112,姐姐
1113,浪费
1114,多谢
1115,女朋友
1116,动物
1117,一半
1118,某个
1119,躲
1120,为何
1121,要么
1122,逼
1123,欠
1124,轮
1125,试图
1126,反应
1127,西
1128,一边
1129,听见
1130,舒服
1131,失败
1132,通
1133,有时
1134,一般
1135,蛋
1136,介绍
1137,意外
1138,字
1139,入
1140,责任
1141,食物
1142,洛杉矶
1143,遗憾
1144,反正
1145,杀手
1146,设计
1147,封
1148,赢得
1149,正是
1150,证人
1151,美丽
1152,压力
1153,味道
1154,淘汰
1155,鱼
1156,厉害
1157,射
1158,室
1159,醉
1160,蠢
1161,未
1162,德
1163,私人
1164,某
1165,出发
1166,伟大
1167,兴奋
1168,观众
1169,臭
1170,达
1171,自从
1172,钟
1173,子弹
1174,垃圾
1175,叔叔
1176,男朋友
1177,疼
1178,毒品
1179,签
1180,不必
1181,反对
1182,颗
1183,停下
1184,肉
1185,测试
1186,精彩
1187,金
1188,感情
1189,有时候
1190,袭击
1191,演出
1192,一生
1193,不在乎
1194,朝
1195,呼吸
1196,明星
1197,机
1198,城
1199,超级
1200,灵魂
1201,破坏
1202,只不过
1203,房
1204,愉快
1205,爆炸
1206,迟到
1207,带走
1208,晚餐
1209,开玩笑
1210,角色
1211,脑子
1212,路上
1213,见鬼
1214,杂志
1215,秀
1216,服务
1217,合适
1218,学习
1219,顿
1220,便
1221,包括
1222,累
1223,汽车
1224,时刻
1225,单
1226,广告
1227,哥们
1228,英国
1229,样
1230,笨蛋
1231,冷
1232,相当
1233,投
1234,闻
1235,公平
1236,玩意
1237,及
1238,鞋
1239,屁
1240,盯
1241,自然
1242,堆
1243,历史
1244,深
1245,取
1246,法庭
1247,俱乐部
1248,通常
1249,拯救
1250,差点
1251,啤酒
1252,咬
1253,短
1254,地球
1255,紧
1256,透
1257,受害者
1258,力
1259,愚蠢
1260,炸弹
1261,帅
1262,踢
1263,联邦
1264,评委
1265,客气
1266,造成
1267,经过
1268,周末
1269,星
1270,信号
1271,跟踪
1272,推
1273,喝酒
1274,关键
1275,下次
1276,充满
1277,断
1278,其它
1279,再说
1280,空
1281,抱
1282,究竟
1283,美好
1284,班
1285,架
1286,圣
1287,恐怕
1288,准
1289,抢
1290,课
1291,习惯
1292,现实
1293,做出
1294,上班
1295,躺
1296,越来越
1297,山
1298,名单
1299,不幸
1300,恢复
1301,确认
1302,聚会
1303,怀孕
1304,公园
1305,绑架
1306,部落
1307,肯
1308,资料
1309,干净
1310,婚姻
1311,痛
1312,亲
1313,教堂
1314,皮
1315,鸟
1316,爽
1317,健康
1318,客户
1319,圈
1320,脑袋
1321,不够
1322,嘘
1323,前面
1324,分手
1325,方向
1326,心理
1327,幸福
1328,树
1329,救命
1330,接着
1331,项
1332,疯子
1333,赛
1334,将军
1335,技术
1336,吃饭
1337,传
1338,困难
1339,不许
1340,某种
1341,记忆
1342,乐队
1343,紧急
1344,高中
1345,听听
1346,正好
1347,州
1348,毫无
1349,提醒
1350,旅行
1351,惊喜
1352,拿走
1353,接近
1354,逮捕
1355,吵
1356,旁边
1357,激动
1358,骄傲
1359,而是
1360,利
1361,牌
1362,八
1363,成员
1364,监视
1365,女性
1366,权利
1367,说谎
1368,圣诞
1369,黑人
1370,警方
1371,法国
1372,毛
1373,错过
1374,警告
1375,老天
1376,吉
1377,惹
1378,酒店
1379,抽
1380,之类
1381,王
1382,冠军
1383,尝试
1384,教练
1385,常
1386,对方
1387,随时
1388,弹
1389,敌人
1390,搭档
1391,从未
1392,帐
1393,谈话
1394,度
1395,背
1396,节
1397,排
1398,约翰
1399,许多
1400,人物
1401,头儿
1402,叫做
1403,猪
1404,感激
1405,随
1406,中国
1407,牛
1408,瓶
1409,蛋糕
1410,吸
1411,顺利
1412,死者
1413,傻瓜
1414,英里
1415,嫁
1416,挑战
1417,死去
1418,上去
1419,七
1420,职业
1421,菜
1422,改
1423,地址
1424,意
1425,赚
1426,不少
1427,地狱
1428,于是
1429,自我
1430,非
1431,对付
1432,好事
1433,唔
1434,元
1435,祈祷
1436,编
1437,收拾
1438,客人
1439,状态
1440,战
1441,亚
1442,周围
1443,报道
1444,戏
1445,参与
1446,运动
1447,彼此
1448,荣幸
1449,会议
1450,到达
1451,爬
1452,赌
1453,显示
1454,队伍
1455,立刻
1456,绝不
1457,舞台
1458,吐
1459,奶奶
1460,配
1461,取消
1462,离婚
1463,等待
1464,爱情
1465,尽力
1466,十分
1467,尊重
1468,教授
1469,去年
1470,语
1471,超过
1472,丝
1473,开车
1474,仍
1475,寄
1476,器
1477,聊
1478,指纹
1479,庆祝
1480,住手
1481,娘
1482,偶像
1483,同志
1484,裤子
1485,军队
1486,假装
1487,想起
1488,侦探
1489,狂
1490,拖
1491,实验室
1492,顺便
1493,吹
1494,害
1495,或是
1496,修
1497,在乎
1498,无聊
1499,状况
1500,目的
1501,恶魔
1502,确保
1503,心脏
1504,似的
1505,舞会
1506,急
1507,风
1508,耍
1509,罗
1510,家族
1511,慢慢
1512,低
1513,剩
1514,战斗
1515,饭
1516,脑
1517,复杂
1518,社会
1519,烦
1520,故意
1521,邻居
1522,今年
1523,调
1524,心里
1525,展示
1526,意大利
1527,起诉
1528,哥
1529,好人
1530,国王
1531,长大
1532,类
1533,交给
1534,瑞
1535,尿
1536,屎
1537,陪审团
1538,项目
1539,集中
1540,实话
1541,表情
1542,冒险
1543,好处
1544,格
1545,左
1546,海
1547,吸血鬼
1548,胜利
1549,竟然
1550,普通
1551,官
1552,直
1553,表示
1554,印象
1555,出生
1556,进展
1557,估计
1558,乐
1559,地点
1560,经理
1561,轻松
1562,乐意
1563,作用
1564,右
1565,举
1566,安
1567,期待
1568,师
1569,小伙子
1570,保险
1571,天使
1572,落
1573,难以置信
1574,录
1575,单独
1576,反
1577,队长
1578,著名
1579,理
1580,日本
1581,专家
1582,为止
1583,具
1584,墨西哥
1585,旅馆
1586,邪恶
1587,赶快
1588,不知
1589,更加
1590,层
1591,挖
1592,好几
1593,风格
1594,免费
1595,追踪
1596,伤心
1597,每次
1598,报纸
1599,机器
1600,式
1601,塞
1602,解雇
1603,颜色
1604,好莱坞
1605,无关
1606,时光
1607,记者
1608,方
1609,尽快
1610,价值
1611,仔细
1612,巧克力
1613,女生
1614,挑
1615,辣
1616,互相
1617,切
1618,招
1619,炸
1620,墙
1621,流
1622,厕所
1623,无辜
1624,彻底
1625,搭
1626,相
1627,权
1628,翻
1629,摆
1630,过程
1631,上次
1632,申请
1633,压
1634,手上
1635,烤
1636,请求
1637,原
1638,圣诞节
1639,某些
1640,人民
1641,恐惧
1642,谈论
1643,命运
1644,小组
1645,引起
1646,发展
1647,分子
1648,白人
1649,惊讶
1650,灯
1651,桌子
1652,巴
1653,毕业
1654,练习
1655,黑暗
1656,机场
1657,事业
1658,稍
1659,仅
1660,不可思议
1661,结
1662,爷爷
1663,会儿
1664,正式
1665,厨房
1666,特殊
1667,扯
1668,专业
1669,老实
1670,晚饭
1671,吸引
1672,年代
1673,士兵
1674,蓝
1675,以来
1676,心情
1677,难过
1678,型
1679,呐
1680,报
1681,屋子
1682,制造
1683,全都
1684,打赌
1685,中间
1686,退
1687,唱歌
1688,冒
1689,伦敦
1690,至
1691,特工
1692,镇
1693,停车
1694,奖
1695,雇
1696,冰
1697,戒指
1698,回头
1699,洞
1700,祝贺
1701,案件
1702,条件
1703,若
1704,作品
1705,手里
1706,爱上
1707,则
1708,档案
1709,千万
1710,去世
1711,靠近
1712,一刻
1713,应
1714,饼
1715,规则
1716,接到
1717,付出
1718,队员
1719,帽子
1720,协议
1721,说服
1722,上周
1723,何
1724,电
1725,司机
1726,搜查
1727,产生
1728,千
1729,布
1730,时代
1731,接触
1732,卡车
1733,抢劫
1734,碰到
1735,神父
1736,规矩
1737,洛
1738,之中
1739,火车
1740,说实话
1741,什
1742,糖
1743,旧
1744,逃跑
1745,灵
1746,般
1747,部门
1748,基本
1749,控
1750,出租车
1751,分析
1752,代价
1753,地区
1754,背叛
1755,趟
1756,天堂
1757,拍摄
1758,年轻人
1759,导致
1760,脸上
1761,对待
1762,主人
1763,表
1764,释放
1765,困
1766,大街
1767,箱子
1768,耶稣
1769,由于
1770,宣布
1771,乔
1772,执行
1773,物
1774,报警
1775,不对
1776,密码
1777,红色
1778,骗子
1779,货
1780,空间
1781,折磨
1782,油
1783,尸
1784,留言
1785,熊
1786,想念
1787,而言
1788,值
1789,倍
1790,擦
1791,尤其
1792,卷
1793,经验
1794,盒子
1795,艘
1796,干杯
1797,看法
1798,大脑
1799,共
1800,罪犯
1801,不到
1802,问问
1803,干掉
1804,指控
1805,星球
1806,录像
1807,刺
1808,程序
1809,情报
1810,炒
1811,情绪
1812,今
1813,怪物
1814,创造
1815,杀害
1816,内心
1817,暴力
1818,脏
1819,走开
1820,事故
1821,艺术
1822,满意
1823,大多数
1824,速度
1825,神经
1826,汤姆
1827,牺牲
1828,勇敢
1829,愤怒
1830,合
1831,奇
1832,数字
1833,咪
1834,纸
1835,地上
1836,范围
1837,称
1838,骑
1839,尽量
1840,太阳
1841,午餐
1842,提出
1843,暂时
1844,据
1845,午饭
1846,优秀
1847,亲自
1848,迟
1849,歌曲
1850,婴儿
1851,极
1852,兰
1853,笑话
1854,可惜
1855,响
1856,石头
1857,英尺
1858,屋
1859,省
1860,细节
1861,顶
1862,科学
1863,迷
1864,笨
1865,塔
1866,有的
1867,道理
1868,船长
1869,撒
1870,歌手
1871,上校
1872,运气
1873,主要
1874,烟
1875,同事
1876,餐厅
1877,喊
1878,各
1879,魔
1880,美女
1881,距离
1882,毒
1883,讲话
1884,有所
1885,制作
1886,莱
1887,摔
1888,街上
1889,团队
1890,早就
1891,鼻子
1892,相处
1893,罢了
1894,绝
1895,归
1896,度过
1897,拳
1898,关注
1899,德国
1900,大部分
1901,窗户
1902,奇迹
1903,空气
1904,护士
1905,分享
1906,萨
1907,被捕
1908,基
1909,后悔
1910,信仰
1911,保安
1912,变态
1913,媒体
1914,赶紧
1915,匹
1916,角
1917,所谓
1918,建立
1919,印
1920,无所谓
1921,变化
1922,表达
1923,大约
1924,东
1925,一辈子
1926,仅仅
1927,华盛顿
1928,造
1929,姐妹
1930,神秘
1931,实现
1932,市
1933,维
1934,瞧瞧
1935,政治
1936,症
1937,第四
1938,魔鬼
1939,查理
1940,孤独
1941,蒂
1942,内容
1943,巨大
1944,宝宝
1945,惩罚
1946,加上
1947,开门
1948,蓝色
1949,退出
1950,鬼魂
1951,对手
1952,前进
1953,怎
1954,乔治
1955,神奇
1956,牧师
1957,年级
1958,代
1959,登
1960,环境
1961,提到
1962,杂种
1963,刺激
1964,我会
1965,凭
1966,规定
1967,好多
1968,雨
1969,磅
1970,警长
1971,最佳
1972,受害人
1973,废话
1974,效果
1975,伤口
1976,咯
1977,魔法
1978,独自
1979,现金
1980,夺
1981,掌握
1982,麦克
1983,儿童
1984,女孩子
1985,强大
1986,分开
1987,租
1988,杰
1989,佬
1990,承诺
1991,脖子
1992,检察官
1993,好看
1994,间谍
1995,篇
1996,玩具
1997,车上
1998,机器人
1999,满足
2000,打败
2001,不见
2002,确信
2003,不管怎样
2004,科
2005,传统
2006,浪漫
2007,哼
2008,念
2009,巴黎
2010,重复
2011,和平
2012,欣赏
2013,留下来
2014,天气
2015,绑
2016,守
2017,一一
2018,态度
2019,尴尬
2020,诺
2021,你好
2022,难以
2023,林
2024,支票
2025,拼
2026,好玩
2027,早餐
2028,茶
2029,唯
2030,自信
2031,上学
2032,放在
2033,生物
2034,理论
2035,角度
2036,年纪
2037,轻
2038,弗兰克
2039,观察
2040,九
2041,老鼠
2042,击
2043,龙
2044,埋
2045,男友
2046,盖
2047,关掉
2048,吃惊
2049,大楼
2050,移动
2051,商店
2052,妓女
2053,不断
2054,能量
2055,解
2056,熟悉
2057,牙
2058,闹
2059,公主
2060,有效
2061,美金
2062,滑
2063,夜晚
2064,清醒
2065,指望
2066,猜猜
2067,感染
2068,也就是说
2069,露
2070,抛弃
2071,摸
2072,单身
2073,思考
2074,板
2075,好吃
2076,女王
2077,波
2078,趴下
2079,胖
2080,认
2081,勒
2082,揍
2083,地图
2084,按照
2085,美妙
2086,失陪
2087,关闭
2088,擅长
2089,幻想
2090,药物
2091,狼
2092,模
2093,忍受
2094,面包
2095,不仅仅
2096,甩
2097,伙伴
2098,女友
2099,世纪
2100,大麻
2101,插
2102,比尔
2103,达到
2104,运
2105,回忆
2106,邮件
2107,明
2108,史
2109,动手
2110,妮
2111,总之
2112,英语
2113,能否
2114,可不
2115,椅子
2116,干活
2117,鞋子
2118,清理
2119,相同
2120,陛下
2121,胜
2122,完毕
2123,箱
2124,血液
2125,大卫
2126,无论如何
2127,味
2128,保佑
2129,重点
2130,在场
2131,最高
2132,需
2133,体
2134,上尉
2135,不可
2136,教育
2137,谎言
2138,遇见
2139,耳朵
2140,世上
2141,葬礼
2142,某人
2143,拜
2144,婚
2145,城里
2146,委员会
2147,机构
2148,亮
2149,程度
2150,碎
2151,盘
2152,裙子
2153,即将
2154,钻石
2155,受不了
2156,图
2157,艰难
2158,在于
2159,教训
2160,坦白
2161,议员
2162,全国
2163,订
2164,慈善
2165,餐馆
2166,夫
2167,罗马
2168,皮肤
2169,部队
2170,区别
2171,背后
2172,装置
2173,全世界
2174,权力
2175,三明治
2176,棒球
2177,聊聊
2178,新鲜
2179,左右
2180,放心
2181,学会
2182,费
2183,痕迹
2184,稳定
2185,尊敬
2186,河
2187,司
2188,区域
2189,坚强
2190,数据
2191,玻璃
2192,勇气
2193,镜头
2194,员工
2195,保
2196,联盟
2197,扇
2198,阳光
2199,好奇
2200,觉
2201,审判
2202,了不起
2203,基地
2204,砍
2205,假设
2206,聊天
2207,之外
2208,嫉妒
2209,借口
2210,土地
2211,平
2212,保姆
2213,摇滚
2214,放手
2215,抱怨
2216,注意力
2217,页
2218,承受
2219,签名
2220,时尚
2221,的话
2222,文章
2223,打架
2224,病毒
2225,天赋
2226,整天
2227,海滩
2228,设备
2229,打击
2230,泡
2231,描述
2232,神像
2233,医疗
2234,袋
2235,类似
2236,隐藏
2237,硬
2238,语言
2239,标准
2240,激情
2241,注射
2242,治
2243,车子
2244,阁下
2245,当作
2246,工
2247,南
2248,奥
2249,许
2250,娶
2251,文
2252,处于
2253,犹太人
2254,提要
2255,投资
2256,过分
2257,对象
2258,期
2259,见见
2260,一致
2261,贴
2262,转移
2263,管理
2264,保密
2265,摆脱
2266,助手
2267,魅力
2268,实验
2269,误会
2270,启动
2271,哟
2272,建
2273,恋爱
2274,小时候
2275,话题
2276,市场
2277,栋
2278,木
2279,团
2280,练
2281,迷人
2282,加州
2283,桥
2284,建筑
2285,迪
2286,举行
2287,损失
2288,码
2289,王子
2290,丹
2291,退后
2292,自豪
2293,肚子
2294,伊
2295,开除
2296,不仅
2297,夏天
2298,饼干
2299,证
2300,母
2301,麦
2302,可笑
2303,热情
2304,作证
2305,好笑
2306,说法
2307,开口
2308,国际
2309,仪式
2310,投入
2311,成熟
2312,恋
2313,谋杀案
2314,混乱
2315,信心
2316,当成
2317,经
2318,惨
2319,联络
2320,癌症
2321,抬
2322,爵士
2323,表明
2324,飞行
2325,剑
2326,幅
2327,老公
2328,注
2329,天才
2330,工具
2331,骨头
2332,送给
2333,言
2334,踩
2335,忍
2336,醒来
2337,市长
2338,男生
2339,发射
2340,之内
2341,考试
2342,生存
2343,犯人
2344,名人
2345,海军
2346,第五
2347,假如
2348,纹
2349,结局
2350,化
2351,非法
2352,合同
2353,剪
2354,竞争
2355,小家伙
2356,没事儿
2357,争取
2358,判
2359,接下来
2360,乔伊
2361,胸
2362,人人
2363,车祸
2364,当地
2365,信用卡
2366,早晨
2367,滚开
2368,微笑
2369,人家
2370,电梯
2371,辈子
2372,出口
2373,左边
2374,爆
2375,托
2376,动机
2377,礼拜
2378,蛇
2379,乖
2380,黑色
2381,名叫
2382,欺骗
2383,监控
2384,发出
2385,拍照
2386,船上
2387,穿过
2388,并非
2389,彼得
2390,做爱
2391,同学
2392,非洲
2393,警报
2394,出局
2395,内部
2396,人质
2397,一会
2398,扮演
2399,北
2400,服
2401,系
2402,姿势
2403,宇宙
2404,瞎
2405,面试
2406,汤
2407,最新
2408,丽
2409,卧室
2410,远离
2411,剧本
2412,请问
2413,手指
2414,盒
2415,证实
2416,哎
2417,迈阿密
2418,一路
2419,游
2420,姓
2421,资格
2422,作家
2423,辞职
2424,被告
2425,钱包
2426,客
2427,诚实
2428,贱人
2429,合法
2430,粉丝
2431,级
2432,谢天谢地
2433,救救
2434,搜索
2435,好久
2436,工厂
2437,留给
2438,走运
2439,吸毒
2440,独立
2441,到来
2442,查查
2443,决赛
2444,食
2445,手段
2446,扣
2447,顾客
2448,农场
2449,网络
2450,口袋
2451,方便
2452,时机
2453,存
2454,毛病
2455,香
2456,百
2457,印度
2458,交流
2459,辩护
2460,打扮
2461,晕
2462,黄
2463,起码
2464,嫌犯
2465,公开
2466,行李
2467,玛丽
2468,宁愿
2469,隐瞒
2470,观点
2471,地板
2472,悲伤
2473,尖叫
2474,网上
2475,说不定
2476,小丑
2477,剧
2478,小说
2479,年龄
2480,交换
2481,雪
2482,符合
2483,拥抱
2484,万一
2485,社区
2486,助理
2487,发明
2488,通话
2489,贵
2490,交通
2491,演唱
2492,重大
2493,组合
2494,思想
2495,唱片
2496,骑士
2497,洗手间
2498,哈哈
2499,楼上
2500,载
2501,逮
2502,圣诞老人
2503,镜
2504,针对
2505,肥
2506,一分
2507,具体
2508,版
2509,领导
2510,共同
2511,曲
2512,洗澡
2513,针
2514,填
2515,稍微
2516,饮料
2517,公路
2518,闪
2519,铁
2520,主题
2521,海盗
2522,一点儿
2523,既
2524,幸存者
2525,增加
2526,当中
2527,牙齿
2528,敲
2529,绕
2530,头脑
2531,主任
2532,直升机
2533,渴望
2534,领
2535,校长
2536,加拿大
2537,驾驶
2538,溜
2539,全力
2540,一团糟
2541,太空
2542,生病
2543,艾
2544,聚
2545,适应
2546,福尔摩斯
2547,列
2548,应付
2549,物品
2550,坏人
2551,湿
2552,撑
2553,毁灭
2554,诅咒
2555,眼神
2556,虫
2557,古怪
2558,财产
2559,任
2560,进攻
2561,剂
2562,伙
2563,然而
2564,辛苦
2565,水平
2566,发型
2567,打断
2568,报复
2569,吵架
2570,一整天
2571,服装
2572,敬
2573,作业
2574,高级
2575,将来
2576,耐心
2577,欧洲
2578,风险
2579,挡
2580,沙发
2581,强奸
2582,后果
2583,移
2584,拨
2585,荒谬
2586,即
2587,个性
2588,最好
2589,男性
2590,收集
2591,交往
2592,国
2593,中尉
2594,取得
2595,卡尔
2596,致命
2597,引
2598,卫星
2599,期望
2600,嘲笑
2601,立即
2602,避免
2603,松
2604,供
2605,保留
2606,批
2607,挤
2608,各种
2609,在家
2610,眼前
2611,捡
2612,冒犯
2613,禁止
2614,持续
2615,台上
2616,纳
2617,游泳
2618,电子
2619,没法
2620,猴子
2621,熟
2622,娃娃
2623,告
2624,没事
2625,经济
2626,检
2627,达成
2628,芝加哥
2629,夫妇
2630,座位
2631,学院
2632,牛奶
2633,逃走
2634,获胜
2635,一面
2636,采取
2637,毫无疑问
2638,新娘
2639,升
2640,类型
2641,购物
2642,但愿
2643,金属
2644,绿色
2645,抽烟
2646,竞选
2647,合理
2648,检测
2649,完蛋
2650,期间
2651,航班
2652,暗
2653,白色
2654,心中
2655,嘴里
2656,库
2657,小镇
2658,产品
2659,兵
2660,精力
2661,退休
2662,亲密
2663,礼貌
2664,地下
2665,胡说
2666,老朋友
2667,指挥
2668,强壮
2669,割
2670,对劲
2671,认出
2672,制服
2673,坏事
2674,查出
2675,丑
2676,自动
2677,法院
2678,西班牙
2679,直播
2680,普
2681,拜拜
2682,提前
2683,宗教
2684,蠢货
2685,坐牢
2686,森
2687,招呼
2688,崩溃
2689,依然
2690,平静
2691,乘
2692,右边
2693,内裤
2694,不久
2695,牢
2696,冲浪
2697,外套
2698,大事
2699,吓坏
2700,掌
2701,陷入
2702,蹲
2703,发表
2704,回报
2705,威尔
2706,初
2707,演讲
2708,俄国
2709,滴
2710,底下
2711,便宜
2712,何时
2713,戒
2714,关门
2715,经纪人
2716,停车场
2717,判断
2718,成长
2719,试验
2720,丹尼
2721,做梦
2722,每年
2723,奶酪
2724,礼
2725,陌生人
2726,喷
2727,抛
2728,止
2729,深刻
2730,管用
2731,军
2732,地下室
2733,划
2734,流血
2735,光临
2736,密
2737,衬衫
2738,金发
2739,摧毁
2740,胳膊
2741,他人
2742,俄罗斯
2743,哥们儿
2744,异常
2745,色
2746,疾病
2747,职责
2748,心脏病
2749,公众
2750,战士
2751,展现
2752,楼下
2753,章
2754,妞
2755,大量
2756,影
2757,诗
2758,李
2759,门口
2760,证词
2761,斗
2762,整理
2763,森林
2764,调查局
2765,占
2766,强迫
2767,注定
2768,暗示
2769,手臂
2770,前往
2771,豁免
2772,当事人
2773,呼
2774,咱
2775,有空
2776,百万
2777,楼梯
2778,唉
2779,呼叫
2780,同情
2781,背景
2782,下班
2783,士
2784,比如说
2785,绝望
2786,法语
2787,救护车
2788,防
2789,野
2790,全新
2791,侠
2792,西德
2793,说说
2794,湖
2795,沮丧
2796,模仿
2797,事务所
2798,灾难
2799,采访
2800,评价
2801,你家
2802,正义
2803,网站
2804,所在
2805,参议员
2806,凶器
2807,局长
2808,成绩
2809,强烈
2810,网
2811,意味
2812,垒
2813,喜剧
2814,殿下
2815,碗
2816,负
2817,上课
2818,荣誉
2819,尝尝
2820,考
2821,设计师
2822,挣
2823,莫
2824,违反
2825,阶段
2826,否认
2827,商量
2828,什么的
2829,出于
2830,蒙
2831,站住
2832,牛仔
2833,尼克
2834,香槟
2835,偷走
2836,艺术家
2837,屋里
2838,克莱尔
2839,欧
2840,技巧
2841,情感
2842,中央
2843,提议
2844,逃避
2845,每周
2846,罪名
2847,街区
2848,频道
2849,时期
2850,公共
2851,物质
2852,传说
2853,射击
2854,伸
2855,音
2856,即便
2857,眼镜
2858,愿望
2859,屋顶
2860,起床
2861,兔子
2862,大赛
2863,形象
2864,皮特
2865,事物
2866,袋子
2867,鲍勃
2868,发疯
2869,以外
2870,绳子
2871,圣经
2872,可能性
2873,别无选择
2874,血迹
2875,美味
2876,总部
2877,阿姨
2878,发挥
2879,机密
2880,主角
2881,安娜
2882,纪念
2883,全球
2884,警察局
2885,倒霉
2886,胸部
2887,劲
2888,恶
2889,旁
2890,忠诚
2891,胡子
2892,大哥
2893,小妞
2894,橄榄球
2895,体内
2896,拔
2897,外星人
2898,毕竟
2899,走廊
2900,墙上
2901,症状
2902,当初
2903,道德
2904,骨
2905,睡着
2906,安慰
2907,宝
2908,系列
2909,有着
2910,趣
2911,肌肉
2912,保重
2913,科学家
2914,快要
2915,震惊
2916,娱乐
2917,反抗
2918,噩梦
2919,心灵
2920,应得
2921,奶
2922,掩护
2923,睁
2924,土
2925,镜子
2926,情人
2927,经典
2928,活力
2929,父
2930,职
2931,图书馆
2932,显得
2933,谎
2934,死刑
2935,进步
2936,追求
2937,爱尔兰
2938,亨利
2939,苹果
2940,南方
2941,天生
2942,傻子
2943,浴室
2944,求婚
2945,传奇
2946,杆
2947,苦
2948,料
2949,枚
2950,喽
2951,石
2952,会见
2953,走路
2954,手中
2955,想见
2956,涂
2957,伊拉克
2958,不止
2959,顾问
2960,障碍
2961,危机
2962,趁
2963,敏感
2964,博物馆
2965,周五
2966,摄像机
2967,失
2968,打破
2969,手下
2970,文化
2971,马克
2972,遵守
2973,飞船
2974,保守
2975,维持
2976,主管
2977,刮
2978,绿
2979,主义
2980,常常
2981,摄影师
2982,煮
2983,营地
2984,承担
2985,指挥官
2986,凶
2987,大厅
2988,缺
2989,泰
2990,出事
2991,打扫
2992,拆
2993,希腊
2994,花园
2995,四处
2996,术
2997,订婚
2998,世
2999,豁免权
3000,郡
3001,草
3002,遭
3003,罐
3004,广播
3005,西班牙语
3006,威士忌
3007,厌倦
3008,大声
3009,天空
3010,粘
3011,妙
3012,本地
3013,冰箱
3014,沙
3015,万岁
3016,合伙人
3017,视频
3018,答
3019,治安
3020,穿着
3021,出卖
3022,标记
3023,全身
3024,专门
3025,外科
3026,钢琴
3027,会面
3028,女郎
3029,复仇
3030,数学
3031,至于
3032,商
3033,篮球
3034,登记
3035,尝
3036,骂
3037,护
3038,指导
3039,界
3040,诊所
3041,流行
3042,材料
3043,揭晓
3044,不安
3045,昏迷
3046,帮帮
3047,搜
3048,午夜
3049,相关
3050,身材
3051,汤米
3052,讽刺
3053,齐
3054,凌晨
3055,校
3056,侮辱
3057,海岸
3058,晋级
3059,直觉
3060,兹
3061,作出
3062,古
3063,保罗
3064,废物
3065,暴露
3066,绅士
3067,虫子
3068,台词
3069,地盘
3070,公民
3071,抓紧
3072,看起来
3073,鸡蛋
3074,残忍
3075,摄像头
3076,关上
3077,播
3078,造型
3079,孩儿
3080,对话
3081,圆
3082,不论
3083,镇上
3084,我家
3085,小姑娘
3086,沉默
3087,详细
3088,严肃
3089,嫌疑犯
3090,钻
3091,迹象
3092,神圣
3093,空中
3094,度假
3095,整整
3096,航空
3097,探长
3098,开火
3099,仓库
3100,吉他
3101,码头
3102,庭
3103,顺
3104,散
3105,随着
3106,放到
3107,巧合
3108,山姆
3109,怀
3110,配合
3111,称呼
3112,女子
3113,具有
3114,好样
3115,大不了
3116,刚好
3117,本人
3118,补偿
3119,忏悔
3120,跟着
3121,明早
3122,第六
3123,自行车
3124,喜
3125,休
3126,犹太
3127,逗
3128,标志
3129,现
3130,患
3131,蜘蛛
3132,狗屁
3133,汉堡
3134,着急
3135,冲动
3136,带子
3137,演奏
3138,亲眼
3139,善
3140,富有
3141,幻觉
3142,封面
3143,赚钱
3144,缠
3145,羊
3146,周六
3147,偷偷
3148,对抗
3149,城堡
3150,蛮
3151,降落
3152,巧
3153,杀人犯
3154,平常
3155,摇
3156,按摩
3157,本身
3158,疑犯
3159,奴隶
3160,熬
3161,赶上
3162,吓人
3163,枪击
3164,迈克尔
3165,功夫
3166,乡村
3167,完整
3168,苏格兰
3169,在意
3170,嘴巴
3171,老大
3172,大道
3173,拜访
3174,迈克
3175,詹姆斯
3176,相互
3177,样本
3178,决不
3179,黑帮
3180,肩膀
3181,宣传
3182,严格
3183,奖励
3184,悲剧
3185,买卖
3186,交谈
3187,引擎
3188,遇
3189,膝盖
3190,印第安
3191,谈判
3192,股
3193,形
3194,瘦
3195,医学
3196,以下
3197,日记
3198,蕾
3199,隔壁
3200,运动员
3201,商业
3202,食品
3203,自私
3204,解开
3205,下手
3206,乖乖
3207,闯进
3208,提高
3209,晚点
3210,宰
3211,其他人
3212,贼
3213,沙漠
3214,档
3215,凯文
3216,亿
3217,手套
3218,偶尔
3219,种族
3220,必
3221,色情
3222,宫
3223,面临
3224,等于
3225,赶到
3226,当心
3227,入侵
3228,经营
3229,出席
3230,量
3231,课程
3232,字母
3233,家长
3234,萝
3235,舌头
3236,消灭
3237,胖子
3238,仔
3239,项链
3240,实际
3241,缝
3242,乐趣
3243,得知
3244,虐待
3245,舔
3246,幕
3247,面具
3248,快速
3249,预约
3250,比利
3251,电视台
3252,起飞
3253,友好
3254,薪水
3255,哈里
3256,相反
3257,惊
3258,没用
3259,波士顿
3260,劝
3261,资金
3262,室友
3263,做好
3264,明晚
3265,原则
3266,妹
3267,理智
3268,哪怕
3269,封锁
3270,夹
3271,诉讼
3272,吞
3273,高度
3274,纪录
3275,玉米
3276,基因
3277,上司
3278,宠物
3279,灰
3280,晚会
3281,瞒
3282,广场
3283,职位
3284,称为
3285,黄色
3286,可恶
3287,星星
3288,踏
3289,一百
3290,扎
3291,制
3292,确切
3293,族
3294,支援
3295,限制
3296,找回
3297,之下
3298,肮脏
3299,大夫
3300,澡
3301,无数
3302,排练
3303,评论
3304,与众不同
3305,烫
3306,善良
3307,可悲
3308,不准
3309,基金
3310,球队
3311,友谊
3312,侧
3313,餐
3314,出门
3315,王八
3316,大会
3317,位子
3318,不会
3319,上场
3320,投降
3321,表面
3322,击中
3323,欢呼
3324,足
3325,主席
3326,准确
3327,智慧
3328,灵感
3329,漫画
3330,莎拉
3331,性爱
3332,易
3333,饭店
3334,主动
3335,平时
3336,钉
3337,对面
3338,囚犯
3339,骗人
3340,且
3341,联合
3342,异
3343,角落
3344,漏
3345,预言
3346,大师
3347,气氛
3348,批准
3349,静
3350,脾气
3351,碎片
3352,无罪
3353,逃脱
3354,价格
3355,策略
3356,老头
3357,嘻
3358,可靠
3359,领先
3360,装备
3361,体验
3362,亲爱的
3363,妳
3364,素
3365,坏蛋
3366,中午
3367,录音
3368,照看
3369,阿门
3370,货车
3371,得分
3372,编辑
3373,忘掉
3374,性格
3375,流氓
3376,独舞
3377,优势
3378,声明
3379,馅饼
3380,行事
3381,临时
3382,黄金
3383,明年
3384,懂得
3385,排除
3386,欲
3387,小孩子
3388,克里斯
3389,温柔
3390,夫妻
3391,成交
3392,耳
3393,皇后
3394,鼓励
3395,签字
3396,金钱
3397,尽可能
3398,读书
3399,成就
3400,教会
3401,老人
3402,率
3403,消防
3404,方案
3405,形容
3406,警卫
3407,矮
3408,树林
3409,吼
3410,到此为止
3411,一无所知
3412,设
3413,利益
3414,寻求
3415,古巴
3416,收回
3417,发动
3418,怪异
3419,心跳
3420,集团
3421,地铁
3422,询问
3423,道路
3424,军事
3425,捐
3426,协助
3427,及时
3428,超人
3429,销售
3430,迷路
3431,体育
3432,结论
3433,平衡
3434,鲨鱼
3435,接吻
3436,乘客
3437,精
3438,隔
3439,通道
3440,价钱
3441,人群
3442,动力
3443,西蒙
3444,托尼
3445,阴谋
3446,慢慢来
3447,良好
3448,尺
3449,性命
3450,桌
3451,为此
3452,赶走
3453,二十
3454,手枪
3455,工人
3456,自愿
3457,维加斯
3458,孤单
3459,棵
3460,协会
3461,啰
3462,喉咙
3463,足球
3464,目击
3465,爆发
3466,祝福
3467,清白
3468,一两
3469,争
3470,措施
3471,困扰
3472,陷害
3473,进一步
3474,胡
3475,款
3476,瞄准
3477,化学
3478,荒唐
3479,调整
3480,审讯
3481,随意
3482,人选
3483,少校
3484,场景
3485,飞行员
3486,惊人
3487,围
3488,一家
3489,康复
3490,策划
3491,火灾
3492,费用
3493,弥补
3494,胃
3495,大门
3496,连接
3497,韩国
3498,理想
3499,党
3500,过敏
3501,凯特
3502,吉姆
3503,点子
3504,科技
3505,包裹
3506,工资
3507,杜
3508,小小的
3509,衣
3510,妇女
3511,来源
3512,判决
3513,刻
3514,路线
3515,地毯
3516,依靠
3517,扔掉
3518,裸体
3519,陷阱
3520,公正
3521,总算
3522,真心
3523,来着
3524,古老
3525,不妙
3526,伪装
3527,兮
3528,宴会
3529,委托
3530,白宫
3531,发送
3532,犬
3533,冲突
3534,指示
3535,只好
3536,柜
3537,散步
3538,化妆
3539,郎
3540,莎
3541,别提
3542,博
3543,上午
3544,捅
3545,剧院
3546,卑鄙
3547,端
3548,怀念
3549,宽恕
3550,握
3551,原本
3552,见识
3553,贝
3554,所作所为
3555,创意
3556,代替
3557,汁
3558,人士
3559,干脆
3560,户
3561,脆弱
3562,水果
3563,这家
3564,局里
3565,玩玩
3566,幸
3567,争霸
3568,侵犯
3569,一百万
3570,无意
3571,温暖
3572,珠宝
3573,提起
3574,大伙
3575,器官
3576,讨
3577,出版
3578,切断
3579,玫瑰
3580,崇拜
3581,前妻
3582,失败者
3583,考验
3584,罪行
3585,效劳
3586,时装
3587,稍后
3588,搬家
3589,主持
3590,男子
3591,罪恶
3592,活儿
3593,用来
3594,视
3595,远远
3596,哈利
3597,扫描
3598,假期
3599,题
3600,缺乏
3601,义务
3602,连续
3603,一时
3604,猛
3605,白天
3606,欲望
3607,魔术
3608,连环
3609,蜜蜂
3610,之所以
3611,拉斯维加斯
3612,除
3613,实力
3614,精灵
3615,夸张
3616,失控
3617,桌上
3618,一千
3619,赌博
3620,处境
3621,礼服
3622,卧底
3623,零
3624,专辑
3625,保存
3626,晃
3627,修好
3628,曼
3629,感动
3630,继承
3631,如今
3632,打球
3633,染
3634,祖母
3635,老爹
3636,企图
3637,沾
3638,不如
3639,裤
3640,雇佣
3641,保险箱
3642,隔离
3643,西装
3644,福
3645,罚
3646,晓得
3647,旅
3648,厨
3649,迟早
3650,电台
3651,无能为力
3652,生涯
3653,护照
3654,後
3655,知识
3656,开会
3657,支付
3658,领袖
3659,小偷
3660,观看
3661,挣扎
3662,球员
3663,丁
3664,英寸
3665,推荐
3666,骚扰
3667,收养
3668,引爆
3669,裸
3670,节日
3671,难堪
3672,硬币
3673,许可
3674,成年人
3675,深呼吸
3676,吻合
3677,汇报
3678,丢脸
3679,难受
3680,放屁
3681,鼓掌
3682,旅程
3683,奖金
3684,热狗
3685,马丁
3686,片子
3687,末日
3688,糖果
3689,目击者
3690,地面
3691,待会儿
3692,过度
3693,撕
3694,桩
3695,捉
3696,声称
3697,亚瑟
3698,咨询
3699,出庭
3700,包围
3701,提示
3702,肺
3703,糊涂
3704,院
3705,燃烧
3706,豪华
3707,毒气
3708,拳击
3709,亚当
3710,修女
3711,混合
3712,争吵
3713,私
3714,轻易
3715,青
3716,幽默
3717,明智
3718,走走
3719,后退
3720,桶
3721,困惑
3722,武装
3723,指甲
3724,透露
3725,斗争
3726,录像带
3727,感恩节
3728,计
3729,灯光
3730,基督
3731,酱
3732,选举
3733,威廉
3734,劫
3735,追查
3736,上车
3737,环
3738,冰淇淋
3739,用不着
3740,好受
3741,足以
3742,相爱
3743,厂
3744,不赖
3745,软
3746,人口
3747,出名
3748,夹克
3749,触
3750,鼠
3751,违法
3752,帮派
3753,隐私
3754,陈
3755,街头
3756,内衣
3757,银
3758,夏威夷
3759,稳
3760,功能
3761,第七
3762,明确
3763,口音
3764,闯入
3765,旋转
3766,品牌
3767,穿越
3768,刷
3769,虎
3770,有意
3771,回顾
3772,扁
3773,孙子
3774,把握
3775,嫌疑人
3776,激烈
3777,汗
3778,丢掉
3779,相机
3780,授权
3781,象是
3782,恕
3783,欢乐
3784,毒贩
3785,委托人
3786,收入
3787,老弟
3788,钓鱼
3789,酸
3790,公里
3791,扶
3792,集合
3793,车站
3794,私下
3795,抚养
3796,秘书
3797,环节
3798,同伴
3799,闯
3800,非得
3801,堂
3802,全体
3803,事先
3804,说了算
3805,凯蒂
3806,尽情
3807,狠
3808,扭
3809,啦啦队
3810,这部
3811,做饭
3812,怪兽
3813,基础
3814,残酷
3815,使命
3816,返回
3817,杯子
3818,害羞
3819,帝国
3820,寻
3821,场合
3822,酒精
3823,星期五
3824,游泳池
3825,幽灵
3826,模型
3827,诡异
3828,直说
3829,准时
3830,画面
3831,部长
3832,牛肉
3833,下降
3834,可疑
3835,恶梦
3836,复制
3837,然
3838,疼痛
3839,粉
3840,摄影
3841,闪电
3842,积极
3843,灭
3844,假释
3845,巴斯
3846,评估
3847,解除
3848,免
3849,车库
3850,通讯
3851,早安
3852,身后
3853,降
3854,华生
3855,早点
3856,盘子
3857,着呢
3858,如同
3859,给予
3860,建造
3861,典型
3862,呵呵
3863,破产
3864,获
3865,查看
3866,伪造
3867,出场
3868,名义
3869,崔
3870,半夜
3871,赌场
3872,富
3873,力气
3874,立
3875,掩盖
3876,官司
3877,东京
3878,过夜
3879,发作
3880,以上
3881,挑选
3882,团结
3883,除掉
3884,救援
3885,速
3886,趴
3887,民
3888,翘
3889,开头
3890,一模一样
3891,入口
3892,险
3893,接手
3894,收看
3895,诱惑
3896,窗
3897,十二
3898,遭到
3899,火箭
3900,胡扯
3901,眼里
3902,安迪
3903,伴
3904,瓦
3905,袜子
3906,容
3907,暂停
3908,华
3909,做法
3910,负担
3911,惹麻烦
3912,从不
3913,沙滩
3914,社交
3915,烦恼
3916,着火
3917,轮胎
3918,移民
3919,团体
3920,上来
3921,有用
3922,得了
3923,抹
3924,抢走
3925,村
3926,查尔斯
3927,举办
3928,眼泪
3929,营
3930,思
3931,待命
3932,关联
3933,倾向
3934,日期
3935,赞成
3936,战场
3937,热爱
3938,摩托车
3939,鹿
3940,保住
3941,击败
3942,转身
3943,统治
3944,遭遇
3945,无线电
3946,取决于
3947,游行
3948,胡说八道
3949,形式
3950,嘴唇
3951,妻
3952,谷
3953,矛盾
3954,弃
3955,现象
3956,结合
3957,怪人
3958,相似
3959,后备
3960,玩偶
3961,领域
3962,边缘
3963,头部
3964,清单
3965,振作
3966,充分
3967,复活
3968,双胞胎
3969,决
3970,一阵子
3971,哪些
3972,修理
3973,肖恩
3974,希特勒
3975,笑容
3976,价
3977,据说
3978,电池
3979,厅
3980,居民
3981,平安
3982,搬走
3983,蜡烛
3984,星期六
3985,亲人
3986,厄
3987,家乡
3988,菲
3989,可卡因
3990,迅速
3991,精神病
3992,棺材
3993,测
3994,领带
3995,牛排
3996,情形
3997,差劲
3998,前途
3999,边上
4000,立场
4001,意志
4002,仁慈
4003,手表
4004,隧道
4005,现代
4006,导弹
4007,无比
4008,一向
4009,成立
4010,甜蜜
4011,野兽
4012,弱
4013,移植
4014,本事
4015,突破
4016,曼哈顿
4017,尾
4018,妨碍
4019,评审
4020,摩
4021,爱人
4022,液
4023,未婚妻
4024,双手
4025,挥
4026,一共
4027,巫师
4028,终
4029,碰巧
4030,指令
4031,装饰
4032,伦
4033,鲍尔
4034,麦克斯
4035,石油
4036,舌
4037,朗
4038,保释
4039,写信
4040,诊断
4041,撤退
4042,姓名
4043,奶油
4044,沿着
4045,老天爷
4046,悲惨
4047,资源
4048,瓶子
4049,叛徒
4050,成人
4051,模式
4052,抗
4053,鸡肉
4054,教师
4055,中士
4056,君
4057,忽略
4058,风暴
4059,基于
4060,西部
4061,预测
4062,一阵
4063,优雅
4064,外表
4065,埃及
4066,幕后
4067,沃尔特
4068,小事
4069,苏
4070,独特
4071,法医
4072,额外
4073,沉
4074,同一个
4075,干扰
4076,减少
4077,房租
4078,田
4079,国会
4080,作案
4081,牵
4082,防守
4083,欺负
4084,挽救
4085,数据库
4086,体会
4087,腰
4088,生产
4089,上台
4090,泥
4091,珍妮
4092,一万
4093,街道
4094,播放
4095,大海
4096,医师
4097,脱离
4098,酗酒
4099,光明
4100,贷款
4101,此刻
4102,羞辱
4103,哈罗
4104,寻常
4105,女神
4106,质疑
4107,节奏
4108,胆小鬼
4109,补
4110,柏林
4111,狠狠
4112,堵
4113,歌词
4114,钓
4115,亲戚
4116,高尔夫
4117,拼命
4118,枕头
4119,香水
4120,路过
4121,英
4122,外婆
4123,旧金山
4124,加速
4125,地震
4126,才华
4127,机票
4128,早饭
4129,情节
4130,玩儿
4131,弗
4132,昏
4133,警员
4134,转变
4135,操作
4136,最初
4137,死因
4138,组成
4139,施
4140,各自
4141,武士
4142,摘
4143,喜爱
4144,人体
4145,专心
4146,屏幕
4147,参观
4148,杰夫
4149,一番
4150,演唱会
4151,枪杀
4152,告别
4153,吊
4154,亲吻
4155,简
4156,贡献
4157,地位
4158,琼斯
4159,内疚
4160,运作
4161,不利
4162,深处
4163,荡妇
4164,靴子
4165,住处
4166,始终
4167,车辆
4168,呵
4169,火鸡
4170,唇
4171,打交道
4172,几百
4173,过于
4174,凯尔
4175,隆
4176,安妮
4177,井
4178,毙
4179,账户
4180,图像
4181,撒旦
4182,致
4183,同伙
4184,赶来
4185,股票
4186,丰富
4187,插手
4188,访问
4189,设法
4190,哎呀
4191,慷慨
4192,迷失
4193,细胞
4194,验尸
4195,每晚
4196,押
4197,汉
4198,形成
4199,来临
4200,了结
4201,行业
4202,苏联
4203,潜力
4204,外遇
4205,沙拉
4206,遵命
4207,主持人
4208,举动
4209,倒数
4210,费城
4211,看不到
4212,鸽子
4213,戏剧
4214,少女
4215,就算
4216,小队
4217,奈
4218,执照
4219,保镖
4220,童
4221,热线
4222,抗议
4223,军人
4224,周年
4225,身份证
4226,偏
4227,沟通
4228,旅游
4229,政策
4230,指责
4231,八卦
4232,偶
4233,汽油
4234,哭泣
4235,财富
4236,没门
4237,伯
4238,星期天
4239,献
4240,侄子
4241,泰勒
4242,叶
4243,良心
4244,公
4245,舞步
4246,永不
4247,嗑
4248,容忍
4249,周日
4250,空军
4251,依
4252,使得
4253,卡片
4254,恤
4255,脱衣舞
4256,健身
4257,驾
4258,分离
4259,后门
4260,战胜
4261,纯
4262,佛罗里达
4263,倒下
4264,披
4265,渣
4266,果汁
4267,被迫
4268,毛巾
4269,大众
4270,狂欢
4271,亲手
4272,寂寞
4273,未婚夫
4274,清除
4275,尊严
4276,演戏
4277,定位
4278,帽
4279,没准
4280,芯片
4281,核弹
4282,单位
4283,收音机
4284,手铐
4285,百老汇
4286,作战
4287,论文
4288,韩
4289,遗嘱
4290,平民
4291,作者
4292,多亏
4293,艳
4294,体重
4295,向前
4296,伴侣
4297,巴西
4298,预感
4299,固定
4300,业
4301,友
4302,口味
4303,锻炼
4304,感冒
4305,小朋友
4306,注册
4307,遭受
4308,肿瘤
4309,状
4310,气味
4311,名声
4312,发布
4313,英俊
4314,工作室
4315,木头
4316,预算
4317,果然
4318,锁定
4319,图片
4320,首席
4321,公布
4322,患者
4323,余生
4324,敲门
4325,新年
4326,品
4327,痕
4328,引发
4329,戴夫
4330,阴影
4331,影片
4332,高手
4333,村子
4334,滋味
4335,手法
4336,鲍比
4337,右手
4338,海洋
4339,霍华德
4340,爱好
4341,乐观
4342,创伤
4343,至今
4344,预备
4345,损伤
4346,作弊
4347,涉及
4348,征服
4349,果
4350,小屋
4351,罗杰
4352,搬进
4353,认罪
4354,友善
4355,称之为
4356,骨折
4357,报仇
4358,蝙蝠
4359,全家
4360,禁
4361,春天
4362,浑身
4363,打搅
4364,荣
4365,亲近
4366,争论
4367,人数
4368,众
4369,回归
4370,公车
4371,安全带
4372,州长
4373,丹尼斯
4374,布置
4375,上升
4376,听话
4377,收藏
4378,鲁
4379,尽头
4380,泄露
4381,治愈
4382,名片
4383,勒索
4384,天上
4385,陌生
4386,商场
4387,着迷
4388,佳
4389,回复
4390,当晚
4391,典礼
4392,驾照
4393,参赛
4394,鸭子
4395,业余
4396,炸药
4397,安息
4398,召唤
4399,皆
4400,巴士
4401,索
4402,产
4403,抵抗
4404,战术
4405,传送
4406,人才
4407,重建
4408,批评
4409,说是
4410,深入
4411,局面
4412,浪
4413,操纵
4414,逃离
4415,设置
4416,回应
4417,滚蛋
4418,失业
4419,香烟
4420,毫不
4421,将要
4422,歪
4423,问好
4424,难怪
4425,克服
4426,上门
4427,全面
4428,鸡尾酒
4429,按钮
4430,超市
4431,探索者
4432,两者
4433,计算
4434,公爵
4435,收获
4436,瘾君子
4437,奇妙
4438,消除
4439,守卫
4440,歇
4441,是不是
4442,代理
4443,克鲁
4444,喘
4445,牢房
4446,有利
4447,排队
4448,要不然
4449,厨师
4450,捐赠
4451,例如
4452,扮
4453,莉莉
4454,冬天
4455,佛
4456,场面
4457,当年
4458,纯粹
4459,尖
4460,有史以来
4461,约定
4462,防止
4463,无关紧要
4464,来电
4465,窝
4466,报应
4467,海边
4468,荣耀
4469,脑海
4470,控告
4471,幢
4472,镇子
4473,轿车
4474,超越
4475,明明
4476,谨慎
4477,合约
4478,斯坦
4479,植物
4480,官员
4481,呦
4482,原始
4483,时空
4484,甲
4485,凯瑟琳
4486,神经病
4487,塑料
4488,服用
4489,不惜
4490,全美超
4491,发火
4492,祷告
4493,服务员
4494,犹豫
4495,永恒
4496,从此
4497,出价
4498,放学
4499,祖父
4500,回见
4501,弱点
4502,穷
4503,恶作剧
4504,下载
4505,蜜月
4506,投诉
4507,雇员
4508,月亮
4509,家具
4510,凯
4511,企业
4512,狮子
4513,凉
4514,拽
4515,赞
4516,旅途
4517,高潮
4518,服从
4519,盐
4520,真诚
4521,信念
4522,住嘴
4523,第八
4524,老家伙
4525,火焰
4526,音乐会
4527,温度
4528,极度
4529,接通
4530,市民
4531,深深
4532,青少年
4533,皇家
4534,贿赂
4535,基本上
4536,展开
4537,后台
4538,卡拉
4539,奥斯卡
4540,故障
4541,出售
4542,金子
4543,饱
4544,伯爵
4545,女巫
4546,签署
4547,猜测
4548,相比
4549,双方
4550,数量
4551,罗伯特
4552,对了
4553,舱
4554,颈
4555,匹配
4556,窒息
4557,僵尸
4558,象征
4559,打仗
4560,创作
4561,牌子
4562,卫生
4563,处女
4564,陷
4565,小声
4566,分散
4567,逛
4568,开放
4569,老是
4570,大型
4571,搜寻
4572,冻
4573,忍不住
4574,住院
4575,浴缸
4576,球场
4577,何不
4578,告知
4579,指出
4580,迪克
4581,哈哈哈
4582,咋
4583,竟
4584,坟墓
4585,降临
4586,文明
4587,官方
4588,候选人
4589,夜总会
4590,勇士
4591,牙医
4592,三十
4593,棕色
4594,宗
4595,晒
4596,推测
4597,审问
4598,舰队
4599,计算机
4600,曲子
4601,实施
4602,舒适
4603,见证
4604,核
4605,大象
4606,魔力
4607,头疼
4608,呜
4609,厚
4610,晚宴
4611,玛
4612,贵族
4613,附
4614,以防万一
4615,弯
4616,威
4617,戳
4618,敞开
4619,因素
4620,郁闷
4621,陈述
4622,普通人
4623,希
4624,不足
4625,好听
4626,帕
4627,赐
4628,边境
4629,仙
4630,发给
4631,疗法
4632,壮
4633,掩饰
4634,疑问
4635,挡住
4636,操心
4637,维护
4638,雾
4639,例子
4640,献给
4641,终点
4642,做成
4643,条子
4644,纳粹
4645,亚洲
4646,屠杀
4647,走向
4648,野蛮
4649,会议室
4650,芬
4651,望
4652,提名
4653,调情
4654,亚历克斯
4655,董事会
4656,躲避
4657,生死
4658,口香糖
4659,从前
4660,豆
4661,火炬
4662,厌恶
4663,花样
4664,留意
4665,完事
4666,播出
4667,亲生
4668,运用
4669,天真
4670,仆人
4671,暖
4672,滑稽
4673,鼓
4674,怎么着
4675,漫长
4676,解脱
4677,懦夫
4678,责怪
4679,终结
4680,港
4681,共事
4682,西雅图
4683,来不及
4684,狂热
4685,赞助
4686,大人物
4687,土豆
4688,新泽西
4689,德克萨斯
4690,裂缝
4691,工程
4692,偶然
4693,烦人
4694,讲讲
4695,康
4696,舞伴
4697,谜
4698,正当
4699,堕落
4700,翅膀
4701,丹尼尔
4702,掌声
4703,杰瑞
4704,结尾
4705,有名
4706,预料
4707,高速
4708,赞同
4709,合并
4710,台步
4711,上演
4712,史蒂夫
4713,用于
4714,奖学金
4715,辩
4716,伊丽莎白
4717,丢人
4718,做事
4719,处在
4720,撤
4721,负责人
4722,狱
4723,小费
4724,极端
4725,实习生
4726,丛林
4727,听证会
4728,链
4729,杰西
4730,年度
4731,列车
4732,看出
4733,极其
4734,师傅
4735,线路
4736,香肠
4737,拖车
4738,机械
4739,届
4740,可乐
4741,共度
4742,舰
4743,纸条
4744,助
4745,污染
4746,拘留
4747,决心
4748,坚信
4749,刹车
4750,从事
4751,位于
4752,马戏团
4753,传播
4754,每当
4755,幸好
4756,裁判
4757,商人
4758,大胆
4759,雇用
4760,宽
4761,歌唱
4762,融入
4763,花钱
4764,避开
4765,巡逻
4766,小小
4767,暴
4768,吸烟
4769,分裂
4770,笔记本
4771,香蕉
4772,军官
4773,婆
4774,侵入
4775,伏特
4776,马桶
4777,少年
4778,噪音
4779,单子
4780,确
4781,兔
4782,扫
4783,把戏
4784,独
4785,各地
4786,置
4787,迎接
4788,手头
4789,头痛
4790,蝴蝶
4791,彩
4792,碟
4793,呕吐
4794,定义
4795,反而
4796,真话
4797,孤儿
4798,想像
4799,下巴
4800,发泄
4801,恐吓
4802,影像
4803,清洁
4804,折
4805,口径
4806,童年
4807,哈佛
4808,总裁
4809,茱
4810,羞耻
4811,粗
4812,追捕
4813,罩
4814,尾巴
4815,串
4816,视线
4817,帐篷
4818,轨道
4819,剪刀
4820,箭
4821,点心
4822,卡住
4823,氧气
4824,遗传
4825,抽屉
4826,嚼
4827,困境
4828,头绪
4829,血压
4830,十足
4831,会员
4832,长期
4833,朵
4834,拉拉
4835,中学
4836,勾引
4837,此事
4838,巨人
4839,携带
4840,急救
4841,克罗伊
4842,马车
4843,守护
4844,阵
4845,不明
4846,焦虑
4847,狡猾
4848,海伦
4849,刻薄
4850,检验
4851,过世
4852,宿
4853,德州
4854,误解
4855,鉴于
4856,风景
4857,鼻
4858,一下子
4859,贱
4860,写作
4861,无效
4862,共同点
4863,大厦
4864,寸
4865,著
4866,例外
4867,震撼
4868,垮
4869,慌
4870,海洛因
4871,丑陋
4872,打动
4873,赞美
4874,回合
4875,假发
4876,电视剧
4877,减肥
4878,来得及
4879,其余
4880,地步
4881,执法
4882,星期一
4883,打包
4884,威利
4885,跳跃
4886,电力
4887,自在
4888,保卫
4889,原地
4890,服务生
4891,掐
4892,民主
4893,撤销
4894,宾馆
4895,说来
4896,妄想
4897,磨
4898,事务
4899,命名
4900,防御
4901,指引
4902,院子
4903,解放
4904,司法
4905,创
4906,客厅
4907,一无所有
4908,预定
4909,跪下
4910,标
4911,轮椅
4912,软弱
4913,谣言
4914,新人
4915,结构
4916,回想
4917,鹰
4918,咒
4919,越南
4920,无视
4921,好转
4922,大小
4923,装作
4924,版本
4925,管道
4926,十字架
4927,接管
4928,乱七八糟
4929,洒
4930,被害人
4931,缺少
4932,校园
4933,报酬
4934,备
4935,动静
4936,教室
4937,证件
4938,雅
4939,监禁
4940,热烈
4941,发言
4942,不是
4943,后院
4944,兽
4945,谎话
4946,无论是
4947,艾米
4948,摔倒
4949,泰德
4950,辩论
4951,仇恨
4952,代码
4953,能源
4954,大使
4955,领养
4956,聚集
4957,布鲁克林
4958,胃口
4959,周二
4960,值钱
4961,流放
4962,着想
4963,丧失
4964,雪茄
4965,琳达
4966,展
4967,上衣
4968,人性
4969,铺
4970,粗鲁
4971,离家
4972,叫醒
4973,开场
4974,辐射
4975,卢
4976,减
4977,下落
4978,落后
4979,带领
4980,拉丁
4981,萨拉
4982,传染
4983,童子军
4984,休假
4985,逊
4986,撤离
4987,不要紧
4988,朝鲜
4989,额
4990,山上
4991,手腕
4992,特征
4993,实习
4994,睡眠
4995,真名
4996,购买
4997,恐慌
4998,前科
4999,挪
5000,忽视
5001,误
5002,提升
5003,感应
5004,前任
5005,迫不及待
5006,歌声
5007,老虎
5008,议会
5009,大火
5010,卷入
5011,蛋蛋
5012,赔偿
5013,潜水
5014,咒语
5015,游艇
5016,念头
5017,甩掉
5018,药品
5019,健
5020,暗杀
5021,办事
5022,异性
5023,光荣
5024,小鬼
5025,赐予
5026,逻辑
5027,挨
5028,宾
5029,违背
5030,雷斯
5031,瞬间
5032,酒鬼
5033,正经
5034,遗产
5035,通往
5036,物理
5037,较
5038,圈套
5039,肥皂
5040,倒是
5041,看待
5042,降低
5043,云
5044,薯条
5045,路边
5046,毯子
5047,惊奇
5048,输入
5049,前夫
5050,含
5051,扔下
5052,管子
5053,登场
5054,人格
5055,拿下
5056,拦
5057,绳
5058,轻轻
5059,用品
5060,账单
5061,戴维
5062,布鲁斯
5063,取笑
5064,罐子
5065,沃恩
5066,四周
5067,珍贵
5068,不得
5069,头盔
5070,车牌
5071,思维
5072,帮手
5073,起立
5074,眼中
5075,相遇
5076,质量
5077,焦
5078,先进
5079,心理学
5080,无家可归
5081,宝贵
5082,夏
5083,论
5084,赔
5085,真理
5086,市中心
5087,来信
5088,永
5089,级别
5090,马路
5091,竞赛
5092,三点
5093,想不到
5094,情景
5095,妆
5096,赛季
5097,搅
5098,察觉
5099,医
5100,病情
5101,概念
5102,毒药
5103,誓
5104,学期
5105,匿名
5106,招待
5107,垫
5108,扎克
5109,评判
5110,认得
5111,短暂
5112,引导
5113,安装
5114,荷兰
5115,逐渐
5116,修改
5117,革命
5118,选票
5119,岩石
5120,嫌疑
5121,迷惑
5122,船员
5123,湾
5124,学位
5125,干涉
5126,前门
5127,相符
5128,发光
5129,细
5130,英格兰
5131,泳池
5132,星系
5133,结案
5134,交叉
5135,元首
5136,意愿
5137,取代
5138,闷
5139,饶
5140,切除
5141,睡衣
5142,接收
5143,证物
5144,遗忘
5145,恐
5146,刀子
5147,备用
5148,本该
5149,扳机
5150,枪支
5151,分别
5152,珀
5153,艾伦
5154,独一无二
5155,梅林
5156,这时
5157,人间
5158,娘娘腔
5159,誓言
5160,计时
5161,嗓音
5162,成千上万
5163,梅
5164,羞愧
5165,民众
5166,本能
5167,大大
5168,俄
5169,督察
5170,蔬菜
5171,修复
5172,迈尔斯
5173,从小
5174,装满
5175,阿曼
5176,斯科特
5177,专
5178,吓唬
5179,认定
5180,语气
5181,此时
5182,灌
5183,难忘
5184,左手
5185,天天
5186,拳头
5187,添
5188,碰上
5189,握手
5190,设施
5191,奋斗
5192,难度
5193,抵达
5194,南部
5195,一秒
5196,手术室
5197,行星
5198,有力
5199,赌注
5200,一流
5201,珍惜
5202,成果
5203,培养
5204,周四
5205,先知
5206,秩序
5207,里斯
5208,哩
5209,男士
5210,锅
5211,形状
5212,打倒
5213,猎人
5214,悲哀
5215,中毒
5216,艺
5217,发觉
5218,私家
5219,改造
5220,短裤
5221,砰
5222,坑
5223,跑步
5224,呈
5225,韦恩
5226,傻事
5227,傲慢
5228,头号
5229,胶
5230,装修
5231,离去
5232,门票
5233,勾
5234,反击
5235,开通
5236,日落
5237,爱德华
5238,中校
5239,影子
5240,催
5241,没错
5242,居住
5243,卫生间
5244,癖
5245,军方
5246,成分
5247,阴
5248,其次
5249,别墅
5250,艾迪
5251,凶杀
5252,网球
5253,呈现
5254,莫里斯
5255,大叔
5256,诺言
5257,吉尔
5258,拍卖
5259,筹
5260,笼子
5261,买家
5262,国土
5263,已婚
5264,憎恨
5265,驾车
5266,社
5267,识别
5268,狙击手
5269,走过
5270,小学
5271,和解
5272,青蛙
5273,火星
5274,失误
5275,元素
5276,扑克
5277,等候
5278,臀部
5279,蜜
5280,大战
5281,薄
5282,露出
5283,房屋
5284,编排
5285,贪婪
5286,缩小
5287,铃
5288,虚构
5289,底线
5290,税
5291,程
5292,传达
5293,以色列
5294,镇定
5295,阁楼
5296,打招呼
5297,捏
5298,村庄
5299,卫
5300,报导
5301,阿富汗
5302,清晰
5303,主教
5304,法案
5305,汉城
5306,就绪
5307,宿舍
5308,废
5309,麻醉
5310,实话实说
5311,细菌
5312,队友
5313,仪器
5314,品味
5315,标签
5316,客房
5317,无知
5318,眼光
5319,表格
5320,王国
5321,大便
5322,往常
5323,毛衣
5324,麻
5325,亲热
5326,放大
5327,星际
5328,赖
5329,杰出
5330,督
5331,低调
5332,耶鲁
5333,棕榈
5334,除此之外
5335,急诊室
5336,比特
5337,婚纱
5338,坦克
5339,风趣
5340,首相
5341,诞生
5342,乳
5343,呗
5344,痒
5345,死神
5346,金色
5347,持
5348,适当
5349,忠实
5350,享用
5351,微
5352,浓
5353,指定
5354,着陆
5355,管理员
5356,以便
5357,小型
5358,怒
5359,巨
5360,符号
5361,旗
5362,摔跤
5363,鉴定
5364,仿佛
5365,没收
5366,肾
5367,必需
5368,阅读
5369,花花
5370,伤亡
5371,护理
5372,这时候
5373,凯伦
5374,来讲
5375,蹦
5376,递给
5377,纤维
5378,选中
5379,骑马
5380,盗窃
5381,当真
5382,奖品
5383,肚
5384,公子
5385,梦幻
5386,无疑
5387,推销
5388,尿布
5389,布莱恩
5390,今日
5391,源
5392,宣誓
5393,要不
5394,心思
5395,浴
5396,贩毒
5397,道别
5398,勃
5399,柜子
5400,终身
5401,史密斯
5402,寿
5403,跪
5404,信封
5405,几千
5406,应当
5407,长久
5408,开拍
5409,墓地
5410,需求
5411,煎
5412,升级
5413,堪
5414,瑞士
5415,捣乱
5416,纠缠
5417,雷达
5418,哄
5419,猎
5420,安心
5421,淹死
5422,福利
5423,赛车
5424,出狱
5425,瑟
5426,宝藏
5427,畜生
5428,甘
5429,花费
5430,卡特
5431,性骚扰
5432,牵扯
5433,雕像
5434,说来话长
5435,没空
5436,争执
5437,循环
5438,一早
5439,探索
5440,停手
5441,马特
5442,驱逐
5443,病房
5444,大衣
5445,付给
5446,局势
5447,军士
5448,清洗
5449,主妇
5450,财务
5451,菜单
5452,业务
5453,怪胎
5454,顺序
5455,柠檬
5456,自身
5457,剥
5458,峡谷
5459,肉体
5460,运行
5461,运输
5462,仪
5463,貌似
5464,梦见
5465,终止
5466,模样
5467,上网
5468,北方
5469,葡萄酒
5470,制定
5471,猴
5472,瑞秋
5473,熏
5474,枪声
5475,青年
5476,正直
5477,专注
5478,出走
5479,登陆
5480,肝脏
5481,收据
5482,含义
5483,传言
5484,频率
5485,看守
5486,尊
5487,资助
5488,筹码
5489,老远
5490,传递
5491,拖延
5492,徽章
5493,骗局
5494,以往
5495,优先
5496,八点
5497,动物园
5498,凑
5499,安全感
5500,争夺
5501,探险
5502,辩护律师
5503,挖掘
5504,杀戮
5505,宁可
5506,逍遥法外
5507,乡下
5508,赋予
5509,回避
5510,圈子
5511,工程师
5512,哈维
5513,强盗
5514,一块儿
5515,裁决
5516,燃料
5517,妥协
5518,大陆
5519,堡
5520,自首
5521,草莓
5522,败
5523,兼
5524,警惕
5525,神话
5526,命中
5527,桃
5528,暑假
5529,供应
5530,天下
5531,料到
5532,催眠
5533,消
5534,当天
5535,脚趾
5536,耽误
5537,精确
5538,流浪汉
5539,显
5540,大块头
5541,问候
5542,语音
5543,点燃
5544,份子
5545,待遇
5546,之上
5547,通信
5548,模拟
5549,张开
5550,棘手
5551,过量
5552,紧紧
5553,胜过
5554,拦住
5555,维多利亚
5556,血管
5557,血统
5558,姨妈
5559,今后
5560,摆平
5561,提问
5562,钞票
5563,小鸟
5564,知名
5565,依赖
5566,林肯
5567,朴
5568,演绎
5569,上瘾
5570,穆斯林
5571,夜里
5572,顶级
5573,气色
5574,意图
5575,核心
5576,琴
5577,打工
5578,坚定
5579,开发
5580,非凡
5581,脸色
5582,倾听
5583,提取
5584,好日子
5585,等到
5586,加强
5587,镑
5588,电源
5589,萨姆
5590,虾
5591,维修
5592,玩弄
5593,不光
5594,文字
5595,姜
5596,新郎
5597,预见
5598,亚伦
5599,进屋
5600,职员
5601,保龄球
5602,编剧
5603,市区
5604,数目
5605,诗人
5606,家园
5607,第九
5608,开工
5609,鲜血
5610,英镑
5611,隐形
5612,召集
5613,获取
5614,肯尼迪
5615,吩咐
5616,无情
5617,童话
5618,法子
5619,查克
5620,姑妈
5621,集会
5622,下场
5623,渐渐
5624,丫头
5625,豪
5626,电视机
5627,月球
5628,闪开
5629,尚
5630,老二
5631,保管
5632,脱身
5633,唐
5634,行踪
5635,乳房
5636,上诉
5637,均
5638,质
5639,吸引力
5640,高尚
5641,光线
5642,浮
5643,伤痕
5644,本质
5645,偏见
5646,解散
5647,坦诚
5648,定罪
5649,阴道
5650,海上
5651,情人节
5652,麦克风
5653,躲开
5654,弟兄
5655,焦点
5656,无耻
5657,抱抱
5658,仍旧
5659,季节
5660,战略
5661,伏
5662,篮
5663,水管
5664,打住
5665,恶意
5666,手脚
5667,统一
5668,遇害
5669,攻
5670,模糊
5671,肩
5672,水晶
5673,外国
5674,剧场
5675,指向
5676,叮
5677,己
5678,封闭
5679,手册
5680,首要
5681,厌烦
5682,衬衣
5683,管家
5684,脉搏
5685,埃文
5686,补充
5687,走私
5688,不怕
5689,死人
5690,分配
5691,嘉宾
5692,低估
5693,花生
5694,紫色
5695,出路
5696,瓜
5697,纪念日
5698,动脉
5699,头骨
5700,开庭
5701,掏
5702,介
5703,带有
5704,魂
5705,赶回
5706,路易斯
5707,艺术品
5708,凤凰
5709,形势
5710,引诱
5711,山羊
5712,目睹
5713,潜在
5714,恶化
5715,终极
5716,别处
5717,未知
5718,键
5719,求救
5720,越狱
5721,讲述
5722,多数
5723,真人
5724,胸口
5725,介入
5726,软件
5727,福特
5728,出自
5729,平等
5730,行不通
5731,随后
5732,忠
5733,滑雪
5734,共和党
5735,零件
5736,多余
5737,援助
5738,枪手
5739,青春
5740,祭
5741,独处
5742,浅
5743,持有
5744,南瓜
5745,顾
5746,勋章
5747,会计
5748,相片
5749,莫斯科
5750,乘坐
5751,发抖
5752,监督
5753,阻碍
5754,开启
5755,称作
5756,宪法
5757,道具
5758,疏散
5759,超出
5760,幼稚
5761,背包
5762,歧视
5763,极限
5764,击球
5765,胆
5766,诺亚
5767,煎饼
5768,气球
5769,星期二
5770,那位
5771,从头
5772,严厉
5773,丢失
5774,面子
5775,工业
5776,激励
5777,往后
5778,水手
5779,使劲
5780,廉价
5781,伊恩
5782,耳环
5783,残
5784,会上
5785,体贴
5786,特定
5787,耻辱
5788,有毒
5789,港口
5790,日常
5791,豆子
5792,撒尿
5793,走人
5794,引用
5795,怜悯
5796,才能
5797,信件
5798,电线
5799,曝光
5800,行程
5801,撞击
5802,扑
5803,也好
5804,本性
5805,埃迪
5806,露营
5807,草坪
5808,古董
5809,飘
5810,各个
5811,面条
5812,画家
5813,纯洁
5814,陪伴
5815,无限
5816,男孩子
5817,穷人
5818,唤醒
5819,加利福尼亚
5820,基金会
5821,体力
5822,致死
5823,性生活
5824,强硬
5825,正面
5826,周一
5827,珍
5828,贴心
5829,情侣
5830,窗外
5831,财宝
5832,国内
5833,随机
5834,压抑
5835,知觉
5836,气体
5837,访
5838,城镇
5839,发烧
5840,阿拉伯
5841,无能
5842,召
5843,渴
5844,冰激凌
5845,属
5846,重视
5847,流浪
5848,完了
5849,下令
5850,下水道
5851,苍蝇
5852,大腿
5853,杜威
5854,信箱
5855,艾玛
5856,精子
5857,灰色
5858,巴基斯坦
5859,面对面
5860,电击
5861,进化
5862,最低
5863,发行
5864,扭曲
5865,博客
5866,好友
5867,发脾气
5868,偷窃
5869,面孔
5870,哥伦比亚
5871,尼尔
5872,善于
5873,黄油
5874,推迟
5875,转转
5876,通行证
5877,烤肉
5878,每人
5879,缺点
5880,设定
5881,柯
5882,费耶德
5883,挽回
5884,遥远
5885,前来
5886,氏
5887,单词
5888,球迷
5889,彩排
5890,集体
5891,着手
5892,星期三
5893,改进
5894,洋葱
5895,头衔
5896,物体
5897,烧烤
5898,途径
5899,激光
5900,狐狸
5901,爱河
5902,同一
5903,房地产
5904,永久
5905,吉娜
5906,勤
5907,时髦
5908,抉择
5909,丑闻
5910,姐
5911,双重
5912,铐
5913,脚踝
5914,出错
5915,硬盘
5916,五十
5917,英文
5918,上路
5919,照相
5920,加油站
5921,唠叨
5922,高跟鞋
5923,炫耀
5924,技能
5925,身子
5926,挣钱
5927,出租
5928,监视器
5929,轰
5930,画廊
5931,艾美
5932,帕特里克
5933,乳头
5934,警徽
5935,审
5936,口信
5937,破案
5938,芭蕾
5939,精英
5940,减轻
5941,有限
5942,急事
5943,男女
5944,分心
5945,米奇
5946,现代舞
5947,目光
5948,渡
5949,举手
5950,举止
5951,寡妇
5952,摇摆
5953,生长
5954,架子
5955,碰头
5956,甲板
5957,化妆品
5958,邮
5959,力克
5960,镇静
5961,保障
5962,打发
5963,吸收
5964,名誉
5965,处置
5966,采用
5967,笔记
5968,首都
5969,庆幸
5970,测验
5971,医学院
5972,演示
5973,他家
5974,弥
5975,解剖
5976,刑事
5977,路障
5978,靓
5979,走着瞧
5980,束
5981,精神病院
5982,诶
5983,统计
5984,服务器
5985,挑战赛
5986,与此同时
5987,腐烂
5988,护送
5989,容器
5990,高贵
5991,律
5992,担任
5993,生理
5994,空白
5995,幻
5996,发音
5997,窃听器
5998,联合国
5999,打猎
6000,川
6001,渡过
6002,泄漏
6003,怪不得
6004,陆战队
6005,洗手
6006,捞
6007,海选
6008,失常
6009,音乐剧
6010,推进
6011,融化
6012,门外
6013,前方
6014,伤疤
6015,跨
6016,裙
6017,鳄鱼
6018,皮带
6019,随身
6020,吉米
6021,奉献
6022,劫持
6023,场所
6024,馆
6025,转换
6026,祖国
6027,军团
6028,嗷
6029,布朗
6030,公事
6031,感人
6032,培训
6033,裔
6034,传球
6035,六点
6036,县
6037,解救
6038,飞往
6039,打碎
6040,霍
6041,自卫
6042,通向
6043,海报
6044,警戒
6045,闪亮
6046,顺着
6047,猎物
6048,要命
6049,幸存
6050,十五
6051,黛
6052,犯规
6053,常规
6054,改善
6055,酒后
6056,大吃一惊
6057,长相
6058,路易
6059,北部
6060,航
6061,精心
6062,无礼
6063,过错
6064,恶棍
6065,那年
6066,牵涉
6067,那段
6068,激怒
6069,安东尼
6070,太平洋
6071,高层
6072,表弟
6073,总共
6074,何处
6075,蠢事
6076,德语
6077,固执
6078,文学
6079,摄影机
6080,团伙
6081,冷酷
6082,疑
6083,一同
6084,床单
6085,陪审员
6086,桑
6087,眼睁睁
6088,理查德
6089,好比
6090,面部
6091,衰
6092,自尊
6093,窗口
6094,途中
6095,学费
6096,发掘
6097,茜
6098,打听
6099,贾
6100,打斗
6101,劳
6102,圣地亚哥
6103,血腥
6104,智
6105,登台
6106,星期四
6107,火花
6108,债
6109,不良
6110,坐标
6111,须
6112,脚下
6113,纪
6114,肤色
6115,处方
6116,苏打
6117,龙虾
6118,劳驾
6119,平均
6120,虚弱
6121,目的地
6122,勉强
6123,这项
6124,决斗
6125,功课
6126,彩虹
6127,和谐
6128,日程
6129,榜样
6130,情报局
6131,用心
6132,关照
6133,气息
6134,此外
6135,纠正
6136,巨星
6137,乱动
6138,贝丝
6139,赫尔
6140,生来
6141,条款
6142,制度
6143,让开
6144,纵火
6145,十万
6146,澳大利亚
6147,离谱
6148,炮
6149,房产
6150,劳拉
6151,谋杀罪
6152,托马斯
6153,羡慕
6154,鲍
6155,救世主
6156,海底
6157,抑郁
6158,侄女
6159,几率
6160,健身房
6161,锯
6162,透过
6163,猜想
6164,赛马
6165,包装
6166,损坏
6167,马歇尔
6168,持枪
6169,咪咪
6170,中断
6171,瘾
6172,入室
6173,赎
6174,乐园
6175,加里
6176,去掉
6177,鬼混
6178,情愿
6179,担保
6180,场地
6181,液体
6182,报答
6183,阴茎
6184,教导
6185,特权
6186,恐龙
6187,英勇
6188,棍子
6189,魔术师
6190,恰好
6191,番
6192,米歇尔
6193,甜美
6194,粒
6195,犯法
6196,势力
6197,认可
6198,筒
6199,闲
6200,住所
6201,采
6202,求助
6203,致敬
6204,扩大
6205,您好
6206,伽
6207,四分
6208,实
6209,杰克·鲍尔
6210,京
6211,老家
6212,相对
6213,罗伊
6214,单纯
6215,仗
6216,曲棍球
6217,好些
6218,袜
6219,可信
6220,资产
6221,钩
6222,锤子
6223,布什
6224,录取
6225,东部
6226,克隆
6227,国外
6228,交出
6229,干酪
6230,整形
6231,沙子
6232,占领
6233,注视
6234,甚
6235,加密
6236,套房
6237,飓风
6238,剥夺
6239,出血
6240,导师
6241,杰作
6242,征兆
6243,富翁
6244,病例
6245,销毁
6246,饥饿
6247,要紧
6248,阳台
6249,心意
6250,自称
6251,哈罗德
6252,画画
6253,火山
6254,上级
6255,愁
6256,牛仔裤
6257,涉嫌
6258,逃犯
6259,财政
6260,冰块
6261,依旧
6262,磕
6263,使者
6264,差别
6265,遗弃
6266,缺陷
6267,火力
6268,上个月
6269,剃
6270,憋
6271,火腿
6272,制止
6273,安定
6274,贱货
6275,门锁
6276,小伙
6277,好戏
6278,后背
6279,身高
6280,老太太
6281,漆
6282,赎金
6283,心烦
6284,言论
6285,活该
6286,简历
6287,欢
6288,利润
6289,恰当
6290,拨打
6291,部位
6292,传来
6293,罗斯
6294,胜任
6295,贝蒂
6296,看好
6297,脂肪
6298,妥
6299,副作用
6300,零钱
6301,自责
6302,同情心
6303,运转
6304,很难说
6305,开战
6306,窗帘
6307,切开
6308,收视率
6309,爹
6310,苏珊
6311,从中
6312,重量
6313,露面
6314,埋葬
6315,加快
6316,咖啡店
6317,步行
6318,塌
6319,预
6320,华丽
6321,常见
6322,烧伤
6323,请便
6324,布丁
6325,大喊大叫
6326,瑜
6327,磁带
6328,占据
6329,稳住
6330,丝毫
6331,综合症
6332,格林
6333,烟雾
6334,岗位
6335,植
6336,疤
6337,前提
6338,暖和
6339,不但
6340,粉红
6341,迷恋
6342,信徒
6343,正事
6344,睾丸
6345,取出
6346,横
6347,颁奖
6348,答复
6349,诡计
6350,懒
6351,虔诚
6352,激
6353,木偶
6354,参赛者
6355,凶杀案
6356,妖
6357,捆
6358,防护
6359,凯利
6360,媒
6361,商品
6362,反复
6363,波特
6364,中弹
6365,撬
6366,敌
6367,生化
6368,飙
6369,债务
6370,余地
6371,过时
6372,避
6373,片段
6374,大伙儿
6375,滑板
6376,删
6377,本案
6378,被害
6379,预计
6380,书店
6381,於
6382,说笑
6383,私事
6384,佐
6385,洞穴
6386,出差
6387,偷情
6388,盗
6389,阿拉
6390,沃
6391,摩托
6392,招供
6393,美分
6394,义
6395,服役
6396,性关系
6397,下车
6398,戒毒
6399,宣称
6400,首领
6401,崩
6402,请客
6403,抗拒
6404,织
6405,台阶
6406,口供
6407,演说
6408,民族
6409,西方
6410,国防部
6411,听众
6412,赤
6413,赦免
6414,麦片
6415,肋骨
6416,铃声
6417,脚步
6418,光芒
6419,难关
6420,掉头
6421,弹药
6422,坠入
6423,幽默感
6424,菲尔
6425,停电
6426,末
6427,过人
6428,时不时
6429,爆米花
6430,莎士比亚
6431,用力
6432,不满
6433,涨
6434,揭露
6435,突出
6436,辣椒
6437,粉色
6438,新生
6439,辛普森
6440,盛大
6441,大地
6442,近来
6443,多年
6444,知情
6445,来回
6446,因果
6447,出示
6448,说唱
6449,经受
6450,迷你
6451,拐
6452,野餐
6453,秋天
6454,办到
6455,探戈
6456,比方
6457,契约
6458,进出
6459,聋
6460,屈服
6461,发狂
6462,地道
6463,广
6464,裹
6465,分成
6466,尺寸
6467,储
6468,转向
6469,家中
6470,无敌
6471,传真
6472,破裂
6473,强调
6474,空手
6475,肿
6476,监听
6477,膜
6478,辞
6479,两边
6480,弘
6481,奖杯
6482,沃特
6483,美梦
6484,鹅
6485,激活
6486,胸罩
6487,优点
6488,好意
6489,空调
6490,记号
6491,诈骗
6492,是非
6493,诱饵
6494,飞龙
6495,莓
6496,崭新
6497,亦
6498,老鹰
6499,展览
6500,活跃
6501,马修
6502,转告
6503,人心
6504,借用
6505,琳
6506,笑声
6507,下雨
6508,履行
6509,九点
6510,宝石
6511,海湾
6512,祈求
6513,一无所获
6514,垃圾桶
6515,删除
6516,昂贵
6517,特警
6518,登机
6519,刺伤
6520,体温
6521,彩票
6522,照相机
6523,约瑟夫
6524,豆腐
6525,回收
6526,会长
6527,祸
6528,心碎
6529,禽兽
6530,沉重
6531,汽水
6532,处决
6533,化验
6534,出手
6535,没戏
6536,读者
6537,毕
6538,偏离
6539,家属
6540,选出
6541,钟头
6542,加倍
6543,整容
6544,配方
6545,蚂蚁
6546,那场
6547,分数
6548,舅舅
6549,偷看
6550,包里克
6551,歌剧
6552,摩根
6553,收费
6554,僵硬
6555,演习
6556,马蒂
6557,束缚
6558,平凡
6559,波兰
6560,认同
6561,达拉斯
6562,烂摊子
6563,全力以赴
6564,樱桃
6565,忧郁
6566,挑起
6567,功
6568,底特律
6569,袭
6570,夸
6571,亡
6572,活生生
6573,罪案
6574,传单
6575,减速
6576,瘫痪
6577,黎明
6578,阿姆斯特丹
6579,顽固
6580,狄
6581,圣母
6582,奴
6583,忽然
6584,鲜花
6585,免得
6586,上千
6587,泼
6588,基督徒
6589,办案
6590,贩卖
6591,入狱
6592,巴迪
6593,企鹅
6594,比喻
6595,湖边
6596,身旁
6597,奉
6598,中途
6599,加班
6600,包含
6601,亚历山大
6602,农民
6603,万能
6604,万分
6605,口红
6606,协调
6607,皇帝
6608,窃
6609,整夜
6610,比萨
6611,今夜
6612,收买
6613,外出
6614,凯撒
6615,代号
6616,镇静剂
6617,大学生
6618,奏效
6619,危害
6620,缘故
6621,跟随
6622,夸奖
6623,志愿者
6624,毒素
6625,铅笔
6626,会合
6627,诱人
6628,罕见
6629,狩猎
6630,拉开
6631,棍
6632,就此
6633,后座
6634,盾
6635,水中
6636,安宁
6637,为难
6638,恶劣
6639,炸掉
6640,升起
6641,铁路
6642,眨眼
6643,老头子
6644,兄
6645,上钩
6646,拼图
6647,妇
6648,兑现
6649,起初
6650,刺杀
6651,停留
6652,碰面
6653,各就各位
6654,默契
6655,追逐
6656,陆军
6657,计程车
6658,嘿嘿
6659,转弯
6660,截
6661,当场
6662,巫婆
6663,当面
6664,一级
6665,四点
6666,休想
6667,毫米
6668,腐败
6669,油漆
6670,往事
6671,片刻
6672,方位
6673,房东
6674,脚印
6675,辛
6676,纪念品
6677,分辨
6678,激进
6679,照着
6680,责备
6681,松鼠
6682,春
6683,月光
6684,到位
6685,显而易见
6686,惊慌
6687,复
6688,夏洛特
6689,肝
6690,恩怨
6691,衣柜
6692,难得
6693,男子汉
6694,哲学
6695,视觉
6696,腰带
6697,拉里
6698,实情
6699,侏儒
6700,溅
6701,里头
6702,温
6703,巴库
6704,少数
6705,功劳
6706,法则
6707,早期
6708,众人
6709,剂量
6710,寇
6711,查明
6712,运送
6713,按时
6714,当局
6715,苔
6716,反映
6717,道奇
6718,伴娘
6719,弱智
6720,变形
6721,嚷嚷
6722,绰号
6723,安置
6724,摸摸
6725,增长
6726,宁静
6727,戴尔
6728,此地
6729,信赖
6730,红灯
6731,恺撒
6732,喝茶
6733,葡萄
6734,原告
6735,熟人
6736,环球
6737,行政
6738,入睡
6739,摇滚乐
6740,靠边
6741,得出
6742,编造
6743,体育馆
6744,伸出
6745,往往
6746,柏
6747,货物
6748,衣橱
6749,嫌
6750,瘟疫
6751,机关
6752,阻挡
6753,一部分
6754,氧
6755,这块
6756,跌
6757,战役
6758,猪头
6759,高尔夫球
6760,共享
6761,埃
6762,告发
6763,上楼
6764,传闻
6765,席
6766,替代
6767,柜台
6768,再也
6769,极大
6770,点火
6771,凯西
6772,权威
6773,梯子
6774,羞
6775,偿还
6776,言语
6777,倾
6778,牧场
6779,猪肉
6780,五点
6781,墙壁
6782,上下
6783,作风
6784,掺
6785,味儿
6786,拿到
6787,龙卷风
6788,滑冰
6789,无权
6790,垫底
6791,殴打
6792,破烂
6793,肾上腺
6794,以至于
6795,戈
6796,俄语
6797,小品
6798,立马
6799,更衣室
6800,克拉
6801,火车站
6802,倾诉
6803,池
6804,恰恰
6805,四十
6806,温馨
6807,越过
6808,游客
6809,签约
6810,抄
6811,天花板
6812,编号
6813,艾莉
6814,罢工
6815,无力
6816,爹地
6817,亚特兰大
6818,悄悄
6819,早已
6820,智商
6821,有请
6822,漏洞
6823,藏身
6824,眉毛
6825,迈
6826,击倒
6827,抖
6828,孕
6829,自以为是
6830,丧命
6831,帝
6832,住口
6833,天分
6834,脸部
6835,世人
6836,乌龟
6837,族人
6838,举起
6839,烧毁
6840,上士
6841,势
6842,一块
6843,兜
6844,传票
6845,抵押
6846,岩
6847,米勒
6848,贸易
6849,退缩
6850,炖
6851,骚
6852,泰国
6853,失效
6854,香港
6855,环保
6856,贝卡
6857,女仆
6858,讯
6859,接待
6860,赫
6861,鸟儿
6862,惊吓
6863,范
6864,华尔兹
6865,缩
6866,监护
6867,捐献
6868,电影院
6869,监护权
6870,营救
6871,通告
6872,庭审
6873,国民
6874,办公
6875,便利
6876,天主教
6877,强制
6878,高速公路
6879,荷
6880,政客
6881,后援
6882,戒酒
6883,朝着
6884,此时此刻
6885,溜走
6886,捕
6887,骆驼
6888,衫
6889,步枪
6890,敲诈
6891,山谷
6892,特色
6893,脏话
6894,发布会
6895,现身
6896,家门
6897,丹佛
6898,奇特
6899,免疫
6900,烹饪
6901,妓
6902,听从
6903,具备
6904,咳
6905,地带
6906,卷进
6907,小弟
6908,圣人
6909,澄清
6910,出众
6911,劫匪
6912,休息室
6913,蟑螂
6914,抬头
6915,不至于
6916,海里
6917,何况
6918,扩散
6919,顶尖
6920,逃亡
6921,辅导
6922,得意
6923,依据
6924,一塌糊涂
6925,性交
6926,发起
6927,兽医
6928,担忧
6929,扯淡
6930,伊迪
6931,默
6932,眼下
6933,深度
6934,无助
6935,竭尽全力
6936,基督教
6937,预期
6938,陶
6939,传输
6940,强暴
6941,过失
6942,效力
6943,拧
6944,伞
6945,土耳其
6946,独家
6947,图案
6948,泡泡
6949,特点
6950,布拉格
6951,柔软
6952,松开
6953,宅
6954,吗啡
6955,虽
6956,悬
6957,吃醋
6958,一对
6959,找寻
6960,伤感
6961,畜
6962,身亡
6963,后代
6964,纪律
6965,化疗
6966,对比
6967,赏金
6968,羽毛
6969,杉
6970,秘
6971,似
6972,警车
6973,哈里斯
6974,卡通
6975,拿手
6976,清洁工
6977,老式
6978,汉堡包
6979,孔
6980,罪过
6981,王后
6982,规划
6983,悲痛
6984,演播室
6985,权限
6986,胡萝卜
6987,邀
6988,拘捕
6989,中止
6990,劲儿
6991,这笔
6992,游荡
6993,出入
6994,杜克
6995,自找
6996,色彩
6997,各种各样
6998,闪耀
6999,沃克
7000,执
7001,构成
7002,支撑
7003,条例
7004,强行
7005,抗争
7006,几百万
7007,航行
7008,陨石
7009,蘑菇
7010,多次
7011,姑姑
7012,木乃伊
7013,消化
7014,眉
7015,对准
7016,薄饼
7017,酒馆
7018,围巾
7019,尘
7020,车道
7021,淋
7022,车厢
7023,归来
7024,壁橱
7025,忆
7026,阿根廷
7027,性行为
7028,话说
7029,战利品
7030,警监
7031,同胞
7032,中风
7033,想象力
7034,心扉
7035,十几
7036,疫苗
7037,牵连
7038,悬崖
7039,第十
7040,伴随
7041,艾比
7042,境地
7043,厌
7044,耐
7045,胎
7046,占有
7047,传出
7048,胶带
7049,橡胶
7050,好心
7051,目
7052,仙女
7053,团聚
7054,搏
7055,体现
7056,胆量
7057,精液
7058,沼泽
7059,恋人
7060,冥
7061,周三
7062,与否
7063,折腾
7064,亵渎
7065,法学院
7066,大餐
7067,出动
7068,裂
7069,案例
7070,中间人
7071,可不可以
7072,体面
7073,祖先
7074,骨灰
7075,导航
7076,合格
7077,无线
7078,另一方面
7079,惹火
7080,热水
7081,珍珠
7082,讯息
7083,含有
7084,乐器
7085,含量
7086,恼火
7087,规律
7088,看样子
7089,野马
7090,癫痫
7091,碧
7092,舍
7093,扬
7094,存活
7095,密切
7096,深夜
7097,冷冻
7098,不得了
7099,联
7100,孤儿院
7101,糖尿病
7102,眼熟
7103,探望
7104,胎儿
7105,临床
7106,胡闹
7107,仓
7108,找乐
7109,例
7110,迟钝
7111,外界
7112,性别
7113,罗伯
7114,淫
7115,心爱
7116,友情
7117,贾斯汀
7118,行驶
7119,开动
7120,帕克
7121,终生
7122,拇指
7123,巴马
7124,理性
7125,投球
7126,得以
7127,修道院
7128,举报
7129,外交
7130,效应
7131,颇
7132,克拉克
7133,中部
7134,关押
7135,杂
7136,斗牛
7137,驱
7138,尼斯
7139,避孕套
7140,河里
7141,事态
7142,烟草
7143,准则
7144,废弃
7145,盼
7146,出院
7147,葛
7148,鬼话
7149,大钱
7150,欧文
7151,亲口
7152,监护人
7153,覆盖
7154,报名
7155,庄园
7156,伴郎
7157,在座
7158,初步
7159,公斤
7160,震
7161,碍
7162,芭蕾舞
7163,署
7164,得逞
7165,否定
7166,韦德
7167,观念
7168,暴躁
7169,异议
7170,坏话
7171,邪
7172,爪子
7173,约翰逊
7174,先前
7175,递
7176,薄荷
7177,储藏室
7178,纸巾
7179,那会儿
7180,示范
7181,热身
7182,腹部
7183,皇室
7184,盘问
7185,瑞典
7186,鼓舞
7187,休斯
7188,旅店
7189,浇
7190,阿拉斯加
7191,看成
7192,正常人
7193,至关重要
7194,滥用
7195,自负
7196,院长
7197,怨恨
7198,看门
7199,怀着
7200,边界
7201,电报
7202,改天
7203,发动机
7204,静脉
7205,恳求
7206,大惊小怪
7207,挑剔
7208,眼球
7209,增援
7210,菌
7211,洛克
7212,规模
7213,吉普
7214,居
7215,召开
7216,以免
7217,来往
7218,飞翔
7219,怨
7220,心底
7221,佩服
7222,骑车
7223,笔迹
7224,通缉
7225,特技
7226,艰苦
7227,住址
7228,损害
7229,嗓子
7230,杰基
7231,无赖
7232,眼皮
7233,诉
7234,鲨
7235,孩
7236,日志
7237,生还
7238,房顶
7239,整体
7240,肠
7241,舞动
7242,扰乱
7243,重罪
7244,打劫
7245,难题
7246,搭配
7247,找麻烦
7248,统统
7249,坠毁
7250,忠告
7251,音乐家
7252,物证
7253,暴风雨
7254,暴徒
7255,美军
7256,酸奶
7257,鸭
7258,胆子
7259,都会
7260,错乱
7261,启发
7262,饮食
7263,手工
7264,突发
7265,热门
7266,叉
7267,报社
7268,偷听
7269,报到
7270,开张
7271,审查
7272,营养
7273,乏味
7274,幼儿园
7275,子宫
7276,占用
7277,闻到
7278,千年
7279,帅气
7280,吨
7281,聪明人
7282,半辈子
7283,个子
7284,推翻
7285,盆
7286,放过
7287,突击
7288,呆子
7289,药片
7290,虚伪
7291,匆忙
7292,谴责
7293,测量
7294,艺人
7295,弗兰基
7296,威力
7297,战机
7298,潜艇
7299,玛莎
7300,痛恨
7301,七点
7302,警卫队
7303,蜂
7304,时速
7305,吸取
7306,敬礼
7307,自大
7308,从而
7309,薯
7310,飞过
7311,机长
7312,及格
7313,互联网
7314,格斗
7315,吹牛
7316,轻微
7317,注入
7318,捐款
7319,前台
7320,辨认
7321,特意
7322,脸蛋
7323,楚
7324,激发
7325,何必
7326,女佣
7327,起火
7328,巡演
7329,成天
7330,影响力
7331,看护
7332,可耻
7333,永生
7334,兜风
7335,卸
7336,发财
7337,嗒
7338,凯莉
7339,压迫
7340,蜂蜜
7341,风声
7342,教皇
7343,像样
7344,一无是处
7345,瞎说
7346,布赖恩
7347,共识
7348,姿态
7349,银色
7350,墓
7351,奖赏
7352,钉子
7353,海豚
7354,强势
7355,饭碗
7356,来看
7357,下士
7358,搜集
7359,拦截
7360,宇航员
7361,珠
7362,火柴
7363,租金
7364,清新
7365,继父
7366,比分
7367,众多
7368,人情
7369,防卫
7370,巡回
7371,丸
7372,谱
7373,屁话
7374,金融
7375,正要
7376,界限
7377,专用
7378,直言
7379,南茜
7380,快快
7381,剩余
7382,袖手旁观
7383,救助
7384,聆听
7385,品尝
7386,窃听
7387,距
7388,胆小
7389,病历
7390,可行
7391,囚禁
7392,怒火
7393,种子
7394,不已
7395,树上
7396,雕塑
7397,柯达
7398,前线
7399,瘤
7400,装扮
7401,平台
7402,路口
7403,臀
7404,快感
7405,带到
7406,经纪
7407,理念
7408,乐团
7409,派出
7410,欺诈
7411,共和国
7412,外加
7413,大多
7414,用餐
7415,脆
7416,小便
7417,玛利亚
7418,马拉松
7419,手势
7420,淡
7421,嫩
7422,隐蔽
7423,目录
7424,望远镜
7425,螃蟹
7426,充足
7427,称职
7428,驴
7429,冒昧
7430,棉
7431,邮箱
7432,能耐
7433,格雷
7434,抑制
7435,教徒
7436,排名
7437,人工
7438,说服力
7439,可言
7440,投手
7441,轮子
7442,产业
7443,触摸
7444,锦标赛
7445,江
7446,群众
7447,金枪鱼
7448,过不去
7449,毒瘾
7450,口气
7451,阳
7452,到场
7453,公关
7454,闪光
7455,昂
7456,熊猫
7457,散发
7458,一瞬间
7459,纳米
7460,休庭
7461,水泥
7462,荷尔蒙
7463,景色
7464,气质
7465,任命
7466,旋律
7467,波斯
7468,久等
7469,巡警
7470,再度
7471,巫术
7472,毒蛇
7473,刘易斯
7474,车门
7475,起见
7476,碳
7477,争议
7478,齿
7479,拉链
7480,戈登
7481,琢磨
7482,采集
7483,大规模
7484,皇冠
7485,孙女
7486,教书
7487,宣言
7488,品质
7489,管闲事
7490,耗子
7491,流感
7492,算数
7493,俘虏
7494,加把劲
7495,堵住
7496,颠倒
7497,氪
7498,随心所欲
7499,车票
7500,天亮
7501,上星期
7502,绝妙
7503,现状
7504,罐头
7505,宫殿
7506,等级
7507,拿破仑
7508,探测器
7509,大使馆
7510,宽容
7511,被盗
7512,巴克
7513,未经
7514,美貌
7515,圣诞树
7516,破碎
7517,并非如此
7518,总结
7519,场上
7520,彻
7521,弟
7522,结实
7523,开关
7524,爪
7525,乱跑
7526,喇叭
7527,都市
7528,金牌
7529,驳回
7530,特区
7531,上头
7532,摩西
7533,严
7534,初恋
7535,更为
7536,学学
7537,拳王
7538,复原
7539,温泉
7540,痛快
7541,美食
7542,潜入
7543,景象
7544,拒
7545,十点
7546,冰球
7547,民主党
7548,莫名其妙
7549,河边
7550,认输
7551,追寻
7552,不大
7553,典
7554,敬意
7555,公交
7556,恶毒
7557,鲸鱼
7558,建筑师
7559,肌
7560,杀人狂
7561,型号
7562,绑匪
7563,选美
7564,旗帜
7565,虐
7566,服刑
7567,百分
7568,安保
7569,放逐
7570,期限
7571,跳动
7572,手续
7573,好不容易
7574,遗体
7575,分歧
7576,专栏
7577,餐桌
7578,综合
7579,探测
7580,维克多
7581,洋
7582,智力
7583,老友
7584,婚前
7585,补给
7586,新奥尔良
7587,下毒
7588,流动
7589,迪斯科
7590,用户
7591,动用
7592,再生
7593,优美
7594,打中
7595,处死
7596,园
7597,歉意
7598,黑洞
7599,总监
7600,筹款
7601,百分之百
7602,协定
7603,芝士
7604,愧疚
7605,上百
7606,当选
7607,木屋
7608,年头
7609,俱
7610,增强
7611,谋
7612,同居
7613,古代
7614,野营
7615,时间表
7616,哀悼
7617,书面
7618,胜利者
7619,烤箱
7620,侦察
7621,搭讪
7622,转动
7623,悚
7624,提案
7625,受苦
7626,反常
7627,原先
7628,邦德
7629,肺部
7630,预告
7631,哪边
7632,坦
7633,武
7634,热闹
7635,最先
7636,陆战
7637,导
7638,黑夜
7639,肢体
7640,遥控
7641,骷髅
7642,壁炉
7643,壶
7644,缝合
7645,癌
7646,低头
7647,景
7648,优
7649,莫莉
7650,恋情
7651,冰冷
7652,煎熬
7653,松子
7654,绷
7655,时报
7656,重演
7657,威尼斯
7658,放出
7659,手镯
7660,适用
7661,尽力而为
7662,乌鸦
7663,失落
7664,艾滋病
7665,刑
7666,工会
7667,耽搁
7668,壳
7669,尤
7670,高中生
7671,有幸
7672,围绕
7673,弄清
7674,送命
7675,略
7676,看作
7677,最为
7678,砖
7679,空虚
7680,旨意
7681,延长
7682,回电
7683,照料
7684,东方
7685,反感
7686,乌
7687,索菲
7688,潜
7689,亿万
7690,光彩
7691,法师
7692,安德鲁
7693,颤抖
7694,外公
7695,苍白
7696,芙
7697,置于
7698,延
7699,二级
7700,养活
7701,踪迹
7702,沟
7703,兼职
7704,没完
7705,动人
7706,视为
7707,巨型
7708,欧元
7709,品位
7710,否决
7711,交代
7712,恨死
7713,忙碌
7714,排斥
7715,活命
7716,郊区
7717,透顶
7718,地产
7719,设想
7720,利息
7721,伸展
7722,脱光
7723,贤
7724,用处
7725,浑
7726,坐坐
7727,重力
7728,雅各布
7729,咻
7730,大屠杀
7731,至极
7732,行走
7733,营业
7734,终究
7735,充电
7736,主宰
7737,烟花
7738,痊愈
7739,父子
7740,每月
7741,花生酱
7742,联赛
7743,堡垒
7744,咳嗽
7745,阳性
7746,许诺
7747,瘀
7748,教父
7749,偷窥
7750,改编
7751,稿
7752,北边
7753,悍
7754,橘子
7755,议案
7756,指南
7757,楼顶
7758,内在
7759,粗暴
7760,贫穷
7761,佩
7762,炫
7763,雪橇
7764,不怎么
7765,斗士
7766,延续
7767,画像
7768,挑逗
7769,视力
7770,唐娜
7771,帅哥
7772,人身
7773,爱好者
7774,翻过
7775,几十
7776,瞄
7777,西北
7778,遥控器
7779,进度
7780,烦心
7781,消费
7782,忍耐
7783,问话
7784,题目
7785,灭绝
7786,栅栏
7787,弹壳
7788,国度
7789,生前
7790,手淫
7791,把柄
7792,样品
7793,棉花
7794,机上
7795,窗子
7796,实行
7797,铜
7798,提交
7799,晕倒
7800,激素
7801,喷泉
7802,歌迷
7803,支点
7804,坠落
7805,水面
7806,富人
7807,美洲
7808,隐
7809,融合
7810,抛开
7811,学者
7812,霉
7813,吾
7814,期盼
7815,寒冷
7816,奥斯汀
7817,发电机
7818,白费
7819,好感
7820,肖
7821,痴迷
7822,验
7823,闲逛
7824,复活节
7825,避难所
7826,虚
7827,岸
7828,快递
7829,黑手党
7830,比基尼
7831,动脉瘤
7832,泰迪
7833,啃
7834,动手术
7835,签证
7836,芭芭拉
7837,扮成
7838,学徒
7839,闹着玩
7840,尚未
7841,同行
7842,逛逛
7843,岁月
7844,格兰特
7845,漏掉
7846,重返
7847,征
7848,专长
7849,咖啡馆
7850,确凿
7851,领地
7852,来得
7853,欢笑
7854,灭亡
7855,瞎子
7856,为生
7857,急需
7858,取悦
7859,家里人
7860,军火
7861,松手
7862,球赛
7863,庆典
7864,暗号
7865,哎哟
7866,贝克
7867,调头
7868,告密
7869,人造
7870,理会
7871,约束
7872,凡
7873,教学
7874,预订
7875,卖力
7876,效率
7877,指派
7878,披萨
7879,查找
7880,来访
7881,膛
7882,值班
7883,约翰尼
7884,缉毒
7885,止痛药
7886,此案
7887,沉迷
7888,增
7889,辩解
7890,低级
7891,哔
7892,部署
7893,合成
7894,在内
7895,合身
7896,万物
7897,参军
7898,跟进
7899,罪人
7900,中转站
7901,莲
7902,驯
7903,额头
7904,不通
7905,中年
7906,愉悦
7907,室内
7908,踪
7909,从来不
7910,文书
7911,特种部队
7912,许可证
7913,为人
7914,琼
7915,领导者
7916,太空船
7917,密室
7918,鱿鱼
7919,参
7920,仇
7921,香草
7922,耗
7923,拴
7924,购
7925,墨
7926,控诉
7927,重量级
7928,补救
7929,知晓
7930,用场
7931,奥德莉
7932,对头
7933,揭发
7934,牲
7935,放假
7936,记载
7937,苛刻
7938,建筑物
7939,核武器
7940,战友
7941,体系
7942,绷带
7943,五角大楼
7944,麦迪逊
7945,叫声
7946,推出
7947,性欲
7948,老子
7949,供给
7950,橙汁
7951,毛发
7952,原子弹
7953,埋伏
7954,不妥
7955,大个子
7956,教养
7957,异教徒
7958,疲惫
7959,路程
7960,曲线
7961,咸
7962,失血
7963,鲁莽
7964,换句话说
7965,乳酪
7966,冻死
7967,误导
7968,大自然
7969,温和
7970,复合
7971,临
7972,兄妹
7973,生效
7974,核磁共振
7975,蜥蜴
7976,洗洗
7977,紧密
7978,不顾
7979,门前
7980,抚摸
7981,强力
7982,信用
7983,抗生素
7984,简短
7985,天性
7986,煤气
7987,搏斗
7988,灯塔
7989,标题
7990,海外
7991,成年
7992,缓解
7993,巴里
7994,褐色
7995,青春期
7996,罗宾
7997,休闲
7998,伤痛
7999,水准
8000,预防
8001,罗尼
8002,疑惑
8003,被告人
8004,外头
8005,碰见
8006,户外
8007,残骸
8008,管理局
8009,情妇
8010,爵士舞
8011,弗朗西斯
8012,格列登科
8013,关节
8014,添麻烦
8015,金库
8016,安眠药
8017,受损
8018,耀眼
8019,应有
8020,工地
8021,耳机
8022,没意思
8023,直线
8024,争斗
8025,火药
8026,柯林斯
8027,好家伙
8028,表妹
8029,新婚
8030,推断
8031,护卫
8032,刷牙
8033,嗜
8034,阿姆斯特朗
8035,书呆子
8036,关机
8037,昆虫
8038,圣地
8039,谦虚
8040,竟敢
8041,偷偷摸摸
8042,愚弄
8043,代理人
8044,雄
8045,拾
8046,保险柜
8047,特质
8048,掌管
8049,起点
8050,手榴弹
8051,孕妇
8052,同谋
8053,歉
8054,简报
8055,微波炉
8056,怪事
8057,拍卖会
8058,师父
8059,便车
8060,两百万
8061,重重
8062,一般来说
8063,次数
8064,讨好
8065,铲子
8066,杨
8067,洁
8068,死尸
8069,挠
8070,从今
8071,果冻
8072,除去
8073,伊娃
8074,迷信
8075,堕胎
8076,缘
8077,出身
8078,沿
8079,复苏
8080,应急
8081,灿烂
8082,清晨
8083,提及
8084,鼻涕
8085,上将
8086,上空
8087,开膛
8088,世间
8089,贩子
8090,出国
8091,逃逸
8092,蜡
8093,表演者
8094,拐角
8095,人命
8096,科迪
8097,观
8098,罗密欧
8099,任意
8100,野心
8101,薇
8102,遮
8103,客观
8104,泡菜
8105,监管
8106,劳伦斯
8107,侦查
8108,小提琴
8109,酒瓶
8110,控制室
8111,大家庭
8112,没命
8113,五千
8114,季度
8115,南边
8116,雇主
8117,有助于
8118,万事
8119,瞪
8120,撕裂
8121,强奸犯
8122,种族主义
8123,酋长
8124,重现
8125,杂货店
8126,飞来
8127,理所当然
8128,头头
8129,坚决
8130,靴
8131,迷茫
8132,秘方
8133,豹
8134,净
8135,试演
8136,就位
8137,早晚
8138,戏剧性
8139,就是了
8140,身手
8141,差错
8142,肃静
8143,流泪
8144,玩耍
8145,射线
8146,职务
8147,本次
8148,诗歌
8149,迷宫
8150,金币
8151,难民
8152,赎罪
8153,无处不在
8154,自制
8155,振
8156,无处
8157,挑衅
8158,残留
8159,闪闪
8160,视野
8161,领主
8162,汤尼
8163,乡巴佬
8164,秘鲁
8165,乱来
8166,腹
8167,过日子
8168,花瓶
8169,有事
8170,蹩脚
8171,决不会
8172,术语
8173,满满
8174,粉碎
8175,同盟
8176,粉红色
8177,判断力
8178,源头
8179,特里
8180,漫步
8181,外部
8182,小巷
8183,变异
8184,亲切
8185,突袭
8186,伊朗
8187,不知所措
8188,动身
8189,定下
8190,摊
8191,出轨
8192,累死
8193,打火机
8194,落入
8195,公道
8196,炉子
8197,血型
8198,感想
8199,西服
8200,泥土
8201,疏远
8202,听取
8203,多多
8204,走动
8205,内战
8206,门铃
8207,敏
8208,擅自
8209,影星
8210,毒死
8211,草地
8212,耳光
8213,名下
8214,梦寐以求
8215,绳索
8216,直升飞机
8217,必然
8218,对讲机
8219,猎犬
8220,鲜
8221,送货
8222,比例
8223,满嘴
8224,罪孽
8225,寄生虫
8226,番茄酱
8227,私生活
8228,医护
8229,奔
8230,进程
8231,坨
8232,铅
8233,示
8234,艾米莉
8235,训
8236,蔓延
8237,安顿
8238,兴
8239,坚果
8240,头晕
8241,妖精
8242,黑客
8243,两三
8244,揭开
8245,废墟
8246,闲聊
8247,婆婆
8248,阴暗
8249,熏肉
8250,敏锐
8251,翼
8252,辉煌
8253,假定
8254,一带
8255,铲
8256,成名
8257,逃命
8258,香味
8259,爱心
8260,售
8261,扒
8262,办公桌
8263,书房
8264,剧情
8265,迫使
8266,下雪
8267,勾搭
8268,腕
8269,此次
8270,缩写
8271,风尚
8272,长话短说
8273,抽出
8274,俗
8275,退役
8276,密封
8277,菲利普
8278,付费
8279,扫地
8280,海关
8281,夜间
8282,致力
8283,有益
8284,不好过
8285,光速
8286,水下
8287,弹道
8288,庞
8289,过期
8290,追随
8291,进城
8292,狱警
8293,消极
8294,夏令营
8295,妒忌
8296,打印
8297,出击
8298,丧生
8299,混账
8300,曼尼
8301,叠
8302,竭尽
8303,轰动
8304,审理
8305,冠
8306,神经质
8307,擦伤
8308,遛
8309,震动
8310,没完没了
8311,呼唤
8312,长老
8313,参议院
8314,余
8315,玛格丽特
8316,眨
8317,响起
8318,效忠
8319,大炮
8320,剧组
8321,中东
8322,设立
8323,下星期
8324,外边
8325,气死
8326,柯蒂斯
8327,日历
8328,锁门
8329,沉浸
8330,延期
8331,荣恩
8332,冷漠
8333,全场
8334,勿
8335,跑道
8336,首饰
8337,乞求
8338,北极
8339,弦
8340,航线
8341,退学
8342,膝
8343,序列
8344,奥运会
8345,姬
8346,体型
8347,集中营
8348,小人
8349,天主教徒
8350,同步
8351,拥挤
8352,黑社会
8353,电流
8354,孤
8355,神灵
8356,物种
8357,苦难
8358,牙刷
8359,海狸
8360,登录
8361,遥
8362,救人
8363,安全部
8364,蒸发
8365,肾脏
8366,饥渴
8367,淘气
8368,本书
8369,管制
8370,苏菲
8371,抵
8372,停职
8373,人力
8374,周刊
8375,看望
8376,缓慢
8377,妓院
8378,勇
8379,发自
8380,加大
8381,来宾
8382,猎杀
8383,透明
8384,鞋带
8385,竖
8386,揪
8387,尽管如此
8388,梨
8389,丢弃
8390,涌
8391,存款
8392,盲目
8393,禁闭
8394,兰迪
8395,夜班
8396,冲击
8397,建设
8398,潮
8399,类固醇
8400,矿
8401,节省
8402,泪
8403,扫兴
8404,脂
8405,潜意识
8406,诸如此类
8407,袍
8408,晚间
8409,小路
8410,我国
8411,腻
8412,畏惧
8413,降落伞
8414,课堂
8415,留住
8416,狮
8417,擅
8418,流逝
8419,否
8420,复习
8421,绕道
8422,以此
8423,尼古拉斯
8424,服药
8425,茉莉
8426,墨水
8427,血样
8428,斯蒂芬
8429,处罚
8430,钢
8431,米莉
8432,海浪
8433,人权
8434,打造
8435,更换
8436,臭味
8437,频繁
8438,热心
8439,榨
8440,收购
8441,付清
8442,支配
8443,活泼
8444,播报
8445,唇膏
8446,水上
8447,时常
8448,安吉拉
8449,诸
8450,效
8451,野外
8452,印记
8453,女招待
8454,幻象
8455,差事
8456,树枝
8457,傲
8458,打牌
8459,劳动
8460,正轨
8461,证书
8462,克制
8463,戴维斯
8464,帖
8465,壮观
8466,报案
8467,射门
8468,数百万
8469,拼写
8470,上身
8471,全身心
8472,假日
8473,布洛克
8474,个头
8475,芥末
8476,选民
8477,交待
8478,热衷
8479,牌照
8480,套装
8481,无缘无故
8482,淑女
8483,流传
8484,毒性
8485,蓄意
8486,内森
8487,野生
8488,灵活
8489,角逐
8490,房客
8491,可怜虫
8492,好球
8493,爆破
8494,跳伞
8495,电车
8496,皱
8497,心上
8498,肤浅
8499,住宅
8500,家务
8501,思念
8502,矿工
8503,跌倒
8504,归还
8505,账
8506,崎
8507,洗礼
8508,假扮
8509,募捐
8510,差点儿
8511,相识
8512,插入
8513,成本
8514,塞勒
8515,旅客
8516,头等舱
8517,冰冻
8518,好说
8519,内脏
8520,科幻
8521,捧
8522,栏
8523,本意
8524,袖子
8525,民事
8526,源自
8527,车队
8528,面罩
8529,激动人心
8530,毁坏
8531,欣慰
8532,热带
8533,称赞
8534,体操
8535,削
8536,痴
8537,邦
8538,马子
8539,美容
8540,参考
8541,无所事事
8542,槽
8543,条约
8544,每日
8545,一贯
8546,麻省
8547,溜冰
8548,茄子
8549,遮住
8550,大鱼
8551,群体
8552,股份
8553,迷住
8554,心烦意乱
8555,这会儿
8556,即兴
8557,当做
8558,炒鱿鱼
8559,邮局
8560,丰满
8561,失礼
8562,侵略
8563,爱因斯坦
8564,调味
8565,一来
8566,四分之一
8567,紧身
8568,真心话
8569,躲藏
8570,过节
8571,动议
8572,州立
8573,积
8574,人手
8575,山顶
8576,刑警
8577,留心
8578,冬
8579,下流
8580,屠夫
8581,圣灵
8582,重组
8583,笑脸
8584,以内
8585,触动
8586,比利时
8587,组建
8588,分娩
8589,车窗
8590,牙膏
8591,丫
8592,胡言乱语
8593,为所欲为
8594,上方
8595,国安
8596,更新
8597,拐杖
8598,拨号
8599,玉
8600,撑住
8601,讯号
8602,相见
8603,韦伯
8604,限
8605,未成年
8606,授予
8607,巴德
8608,替换
8609,推理
8610,卢克
8611,伊莎贝尔
8612,乃
8613,悠
8614,咖啡因
8615,玩牌
8616,迹
8617,人行道
8618,面谈
8619,轰炸
8620,埃里克
8621,忠于
8622,挚爱
8623,提早
8624,佛罗多
8625,底部
8626,轻而易举
8627,蛋白质
8628,警署
8629,推销员
8630,眠
8631,感恩
8632,庞大
8633,垃圾箱
8634,验证
8635,储存
8636,美人
8637,勋爵
8638,罗德
8639,过后
8640,拳击手
8641,古典
8642,白白
8643,慰
8644,坡
8645,行头
8646,私奔
8647,爵士乐
8648,拖鞋
8649,潮流
8650,不择手段
8651,出头
8652,包袱
8653,两千
8654,覆
8655,扛
8656,金刚
8657,受益
8658,番茄
8659,会计师
8660,淫荡
8661,取回
8662,嗅
8663,武力
8664,五月
8665,夏日
8666,纽扣
8667,千真万确
8668,灯泡
8669,比不上
8670,徘徊
8671,庞德
8672,思路
8673,公牛
8674,侧面
8675,招募
8676,传唤
8677,表哥
8678,少见
8679,接替
8680,胶片
8681,逃生
8682,指使
8683,周到
8684,动摇
8685,臂
8686,村民
8687,备忘录
8688,字条
8689,舰长
8690,可否
8691,尤物
8692,改革
8693,囊
8694,节哀
8695,返校
8696,遗言
8697,美人鱼
8698,破解
8699,泡沫
8700,澳洲
8701,旅行者
8702,负罪感
8703,互
8704,公文包
8705,负面
8706,逮捕令
8707,摩擦
8708,事后
8709,替身
8710,前所未有
8711,拳手
8712,氯
8713,背部
8714,上百万
8715,捍卫
8716,演技
8717,梦想成真
8718,层次
8719,辅助
8720,加仑
8721,托比
8722,勾当
8723,方向盘
8724,劈
8725,外国人
8726,戒备
8727,乎
8728,老太婆
8729,桃子
8730,艾伯特
8731,严密
8732,药丸
8733,障
8734,通宵
8735,玷污
8736,五万
8737,河流
8738,跑车
8739,阴性
8740,初次
8741,原理
8742,阿里
8743,一大早
8744,预先
8745,有机
8746,无可奉告
8747,奇异
8748,家门口
8749,将近
8750,好话
8751,植入
8752,引人注目
8753,种种
8754,点头
8755,吊死
8756,外衣
8757,气候
8758,透气
8759,布坎南
8760,创新
8761,移民局
8762,信托
8763,庇护
8764,蛋白
8765,西边
8766,直至
8767,读读
8768,饮
8769,霜
8770,奶牛
8771,三千
8772,贝尔
8773,散开
8774,渠道
8775,温迪
8776,苏醒
8777,条纹
8778,猎枪
8779,椰子
8780,掘
8781,外号
8782,完工
8783,一千万
8784,伸手
8785,糖浆
8786,谋生
8787,地雷
8788,哈尔
8789,换上
8790,名牌
8791,无尽
8792,奔驰
8793,垂
8794,绯闻
8795,药剂
8796,塑造
8797,汇
8798,当前
8799,天然
8800,啊啊
8801,变性
8802,强悍
8803,飞车
8804,主编
8805,刺客
8806,深表
8807,棚
8808,梦境
8809,坏处
8810,检察院
8811,高档
8812,还击
8813,三百
8814,灰姑娘
8815,凡人
8816,孟菲斯
8817,宋
8818,消毒
8819,大西洋
8820,精疲力尽
8821,手稿
8822,马赛
8823,得主
8824,把门
8825,怀里
8826,粪
8827,喝彩
8828,现有
8829,污点
8830,快活
8831,修正案
8832,一日
8833,收益
8834,技
8835,徒
8836,预谋
8837,热量
8838,况且
8839,发射器
8840,坚
8841,福音
8842,炮弹
8843,明信片
8844,痉挛
8845,站台
8846,捕捉
8847,净化
8848,要害
8849,二战
8850,斯坦福
8851,收场
8852,放纵
8853,此处
8854,怀抱
8855,分头
8856,妖怪
8857,数码
8858,心目
8859,讨价还价
8860,紧身衣
8861,实践
8862,布雷克
8863,违规
8864,向上
8865,风流
8866,摩尔
8867,班机
8868,咧
8869,骑警
8870,香料
8871,上海
8872,纽
8873,秘诀
8874,口水
8875,瀑布
8876,无害
8877,钝
8878,超大
8879,散布
8880,偏偏
8881,多管闲事
8882,框
8883,充
8884,从头到尾
8885,年长
8886,远程
8887,勺子
8888,麻痹
8889,后卫
8890,十字
8891,东区
8892,阿尔巴尼亚
8893,加热
8894,告密者
8895,零食
8896,出没
8897,贵宾
8898,疗程
8899,挥手
8900,蒙在鼓里
8901,修补
8902,传讯
8903,岂
8904,总理
8905,尊贵
8906,深感
8907,安全局
8908,锋利
8909,园丁
8910,闹钟
8911,笨拙
8912,录音带
8913,特制
8914,支持者
8915,开胃
8916,救济
8917,士官
8918,精明
8919,付款
8920,寺
8921,盟友
8922,老兵
8923,灰尘
8924,腌
8925,得罪
8926,拖住
8927,指数
8928,让步
8929,枝
8930,流产
8931,流言
8932,配对
8933,驶
8934,头版
8935,山洞
8936,宣判
8937,里奇
8938,正题
8939,电话线
8940,乔纳森
8941,毁掉
8942,百万富翁
8943,隆重
8944,军用
8945,特地
8946,布道
8947,海龟
8948,银河
8949,坚守
8950,机遇
8951,拷贝
8952,女皇
8953,邮票
8954,学员
8955,薪
8956,垫子
8957,高明
8958,偏执
8959,吴
8960,蒂娜
8961,大方
8962,泳装
8963,看病
8964,十八
8965,意料
8966,扭转
8967,永别
8968,嘣
8969,洪水
8970,貌
8971,关乎
8972,诽谤
8973,出海
8974,常客
8975,分类
8976,林德曼
8977,前程
8978,苦恼
8979,衡量
8980,别扭
8981,踹
8982,坠机
8983,夏季
8984,普林斯顿
8985,谷仓
8986,惯
8987,咕
8988,录制
8989,纸杯
8990,专利
8991,情绪化
8992,高速路
8993,脉冲
8994,入学
8995,口哨
8996,驾驶员
8997,龟
8998,声誉
8999,何方
9000,公立
9001,有害
9002,光头
9003,病态
9004,杀光
9005,乔丹
9006,洛根
9007,马铃薯
9008,维也纳
9009,发达
9010,区分
9011,销量
9012,领导人
9013,分局
9014,分居
9015,混进
9016,意想不到
9017,遗漏
9018,社团
9019,詹姆士
9020,泊
9021,玛丽亚
9022,伯尼
9023,明了
9024,宁
9025,娃
9026,试试看
9027,编码
9028,瓦斯
9029,厘米
9030,重要性
9031,一次性
9032,摇头
9033,检查官
9034,愈
9035,叛军
9036,承包商
9037,拣
9038,入伙
9039,喜悦
9040,超速
9041,老哥
9042,指挥部
9043,个别
9044,西南
9045,紫
9046,漂
9047,了如指掌
9048,战斗机
9049,双人
9050,米兰达
9051,风头
9052,变种
9053,进食
9054,抓捕
9055,不可避免
9056,篮子
9057,刻意
9058,机灵
9059,天线
9060,盲人
9061,通报
9062,争辩
9063,老伙计
9064,马库斯
9065,暗中
9066,上报
9067,木板
9068,驻
9069,预报
9070,藏匿
9071,化身
9072,收留
9073,化合物
9074,水池
9075,矮子
9076,无与伦比
9077,背面
9078,白兰地
9079,单身汉
9080,巴特
9081,地理
9082,店主
9083,盼望
9084,文森特
9085,琪
9086,头目
9087,音响
9088,米饭
9089,罢休
9090,捷径
9091,猩猩
9092,泪水
9093,昔
9094,挪开
9095,险境
9096,感激不尽
9097,玛雅
9098,磨蹭
9099,不久前
9100,精致
9101,活人
9102,没劲
9103,握住
9104,空地
9105,十六
9106,凡事
9107,陆地
9108,谭
9109,捉弄
9110,认错
9111,服饰
9112,泉
9113,逝去
9114,抢救
9115,凭空
9116,把手
9117,吞噬
9118,淋浴
9119,挥舞
9120,亲身
9121,肥胖
9122,壁
9123,两万
9124,伎俩
9125,躯体
9126,自如
9127,开支
9128,积蓄
9129,歌星
9130,惧怕
9131,残疾
9132,照办
9133,料理
9134,巴尔的摩
9135,糕
9136,海豹
9137,六月
9138,懒得
9139,夥
9140,一代
9141,涂鸦
9142,惭愧
9143,教区
9144,迄今为止
9145,招待会
9146,消耗
9147,泽
9148,抬高
9149,喋喋不休
9150,泳
9151,穿梭
9152,配乐
9153,触发
9154,卖淫
9155,股东
9156,出彩
9157,传感器
9158,巷子
9159,叛国
9160,孙
9161,恶人
9162,手提箱
9163,咦
9164,五百
9165,赛场
9166,拔掉
9167,开端
9168,请假
9169,诠释
9170,丹麦
9171,线条
9172,歌舞
9173,肠子
9174,叛变
9175,糊弄
9176,捣蛋
9177,橄榄
9178,生育
9179,发育
9180,恐惧症
9181,外勤
9182,一如既往
9183,大名
9184,百合
9185,大桥
9186,彻头彻尾
9187,突击队
9188,查清
9189,愈合
9190,性质
9191,浏览
9192,会谈
9193,创造力
9194,修车
9195,心事
9196,宇
9197,酮
9198,风度
9199,分解
9200,疲倦
9201,亨德森
9202,胡迪
9203,动画片
9204,救生员
9205,粒子
9206,毕生
9207,宣读
9208,辜负
9209,继
9210,全美
9211,白金
9212,北美
9213,甚么
9214,献身
9215,女伴
9216,歹徒
9217,掷
9218,斑
9219,法警
9220,活活
9221,外甥
9222,故乡
9223,印刷
9224,栽
9225,阿司匹林
9226,贫困
9227,后腿
9228,枪战
9229,恭维
9230,打烊
9231,猫头鹰
9232,斗篷
9233,梯
9234,糗
9235,常识
9236,正中
9237,内幕
9238,司令
9239,醋
9240,同类
9241,密探
9242,长岛
9243,反驳
9244,反射
9245,踢踏舞
9246,鉴
9247,感知
9248,盎司
9249,奶子
9250,招牌
9251,许愿
9252,抽筋
9253,市里
9254,止血
9255,政权
9256,匪
9257,玛姬
9258,岁数
9259,幻影
9260,多半
9261,看穿
9262,十四
9263,缺席
9264,舞厅
9265,迫害
9266,锤
9267,换取
9268,关灯
9269,蹭
9270,粥
9271,真面目
9272,字典
9273,胶水
9274,伪君子
9275,描绘
9276,取名
9277,喉
9278,平息
9279,准许
9280,政治家
9281,失明
9282,市政厅
9283,一清二楚
9284,平行
9285,盲
9286,善事
9287,窜
9288,诸位
9289,预想
9290,吵闹
9291,沙龙
9292,干预
9293,王牌
9294,乐于
9295,爱国
9296,床垫
9297,人头
9298,滩
9299,搂
9300,弗吉尼亚
9301,麻醉剂
9302,外来
9303,卢卡斯
9304,鞠躬
9305,证券
9306,进口
9307,朱玛
9308,种类
9309,池塘
9310,死地
9311,乔安娜
9312,卜
9313,获奖
9314,低落
9315,簿
9316,心怀
9317,心声
9318,奔跑
9319,波多黎各
9320,接球
9321,惯例
9322,头顶
9323,肩上
9324,汉娜
9325,照样
9326,垃圾堆
9327,妞儿
9328,加勒比
9329,币
9330,事发
9331,主张
9332,更改
9333,融洽
9334,寄宿
9335,毕业生
9336,阿萨德
9337,乡
9338,孤身一人
9339,司法部
9340,理发
9341,懦弱
9342,甲壳
9343,送死
9344,访谈
9345,空姐
9346,侯
9347,近乎
9348,离奇
9349,波比
9350,内阁
9351,本杰明
9352,拾一
9353,枪械
9354,死活
9355,兴奋剂
9356,闻名
9357,短期
9358,较量
9359,做主
9360,起誓
9361,夺取
9362,向导
9363,详情
9364,熄灭
9365,这天
9366,海莉
9367,皮包
9368,善意
9369,敌意
9370,敌军
9371,冻结
9372,克雷塞
9373,填补
9374,杂耍
9375,情不自禁
9376,少爷
9377,揉
9378,看重
9379,探访
9380,三角
9381,挪威
9382,凳子
9383,一时间
9384,裁缝
9385,写字
9386,并肩
9387,章鱼
9388,惊叹
9389,素食
9390,徒步
9391,撤回
9392,暖气
9393,淹没
9394,坦率
9395,可可
9396,生动
9397,公务
9398,纱
9399,前行
9400,黑道
9401,放射
9402,正点
9403,吸食
9404,行者
9405,芭
9406,回信
9407,忠心
9408,鲑鱼
9409,花招
9410,合伙
9411,马克思
9412,饱受
9413,闹剧
9414,北京
9415,费劲
9416,东北
9417,拷问
9418,感性
9419,虽说
9420,考察
9421,昏倒
9422,国旗
9423,盯住
9424,鄙视
9425,上当
9426,强项
9427,层面
9428,巢
9429,操场
9430,际
9431,光辉
9432,胡言
9433,谨
9434,接头
9435,订单
9436,鬼鬼祟祟
9437,钢铁
9438,痣
9439,镖
9440,伺候
9441,赏
9442,用途
9443,中文
9444,要点
9445,诺拉
9446,触犯
9447,软糖
9448,早起
9449,医药
9450,腔
9451,骑兵
9452,变动
9453,说教
9454,放火
9455,风光
9456,伊芙
9457,疲劳
9458,打官司
9459,屑
9460,男爵
9461,吃光
9462,社长
9463,叛逆
9464,海水
9465,整齐
9466,潘
9467,便士
9468,失手
9469,失眠
9470,杰森
9471,命案
9472,暴动
9473,无私
9474,未成年人
9475,代言人
9476,滥
9477,病假
9478,背心
9479,远处
9480,天知道
9481,防线
9482,高大
9483,款待
9484,菠萝
9485,列出
9486,轮流
9487,般配
9488,消沉
9489,捎
9490,戒烟
9491,不妨
9492,里昂
9493,前后
9494,炎
9495,断绝
9496,兔崽子
9497,半死
9498,希尔
9499,兰花
9500,副本
9501,火爆
9502,特德
9503,难为情
9504,年鉴
9505,模范
9506,主机
9507,共有
9508,克里斯蒂
9509,构思
9510,未遂
9511,一心
9512,尚宇
9513,同性
9514,损
9515,罚款
9516,日报
9517,候
9518,商务
9519,手指头
9520,消逝
9521,奥利弗
9522,注重
9523,放射性
9524,门徒
9525,哮喘
9526,稀有
9527,呻吟
9528,蟹
9529,内线
9530,克格勃
9531,要塞
9532,葬
9533,死胡同
9534,她家
9535,改装
9536,淤
9537,名称
9538,常人
9539,怀特
9540,斯坦利
9541,僵
9542,放荡
9543,心血
9544,孤立
9545,坟
9546,果酱
9547,洗衣机
9548,奎
9549,药店
9550,飞越
9551,华氏
9552,栗
9553,造就
9554,巴掌
9555,全能
9556,矶
9557,失事
9558,回过
9559,救护
9560,流浪者
9561,替补
9562,珍娜
9563,上十
9564,浸
9565,共产党
9566,复印
9567,驴子
9568,罗恩
9569,胆敢
9570,攀
9571,映
9572,不可理喻
9573,丽塔
9574,百姓
9575,到头来
9576,不用说
9577,蛋卷
9578,嘎
9579,科尔
9580,突
9581,弃权
9582,胜负
9583,大脚
9584,橙色
9585,不堪
9586,撞车
9587,赛跑
9588,血清
9589,婶婶
9590,敬畏
9591,开业
9592,赞扬
9593,遵循
9594,赞赏
9595,防火墙
9596,口中
9597,掠夺
9598,巡回演出
9599,盏
9600,慈悲
9601,推动
9602,棋
9603,猎手
9604,相亲
9605,萝卜
9606,折断
9607,身处
9608,刊登
9609,气象
9610,认知
9611,华尔街
9612,颠
9613,葡萄牙语
9614,下集
9615,方舟
9616,丽莎
9617,粗糙
9618,不曾
9619,如下
9620,出丑
9621,柳
9622,拆除
9623,总的来说
9624,朱
9625,开诚布公
9626,脊椎
9627,奢侈
9628,跟班
9629,延伸
9630,行进
9631,胺
9632,执行官
9633,殖民地
9634,纳杉
9635,纯属
9636,左撇子
9637,上映
9638,通风
9639,口渴
9640,喘气
9641,麻木
9642,血缘
9643,失灵
9644,秋
9645,化名
9646,精通
9647,保释金
9648,词语
9649,空缺
9650,马西墨斯
9651,泳衣
9652,柄
9653,流畅
9654,梅毒
9655,小兄弟
9656,出乎意料
9657,脱水
9658,佩顿
9659,错事
9660,腾达
9661,不便
9662,星座
9663,吸气
9664,替罪羊
9665,杰克逊
9666,溪
9667,启示
9668,扣押
9669,手动
9670,元老
9671,毒物
9672,财
9673,步伐
9674,做人
9675,手艺
9676,担
9677,回话
9678,硬汉
9679,击打
9680,杰西卡
9681,艾拉
9682,记不清
9683,平安无事
9684,金字塔
9685,三分
9686,穿梭机
9687,话语
9688,日语
9689,小宝宝
9690,一举一动
9691,投篮
9692,胡话
9693,挫折
9694,乔治娅
9695,新手
9696,大号
9697,大姐
9698,重逢
9699,野猫
9700,匙
9701,极为
9702,脑震荡
9703,遍布
9704,付账
9705,一路顺风
9706,有线电视
9707,延迟
9708,救活
9709,侬
9710,动态
9711,布鲁诺
9712,痴呆
9713,拥
9714,研究生
9715,自便
9716,处处
9717,堂兄
9718,转悠
9719,颤
9720,志
9721,即时
9722,磁
9723,闹鬼
9724,威尔逊
9725,敷
9726,工夫
9727,决策
9728,杰米
9729,环绕
9730,施舍
9731,坎
9732,筹集
9733,调出
9734,衰竭
9735,脉
9736,疏忽
9737,民谣
9738,马厩
9739,散播
9740,核对
9741,键盘
9742,启
9743,伏击
9744,推开
9745,萨利
9746,咆哮
9747,视而不见
9748,卡斯特罗
9749,置身
9750,叉子
9751,艾米丽
9752,卡门
9753,油门
9754,转机
9755,树木
9756,粗俗
9757,法式
9758,摄影棚
9759,藐视
9760,克莱
9761,搭乘
9762,网页
9763,创建
9764,施展
9765,饶恕
9766,伟
9767,斧头
9768,里边
9769,深渊
9770,虚假
9771,长发
9772,火把
9773,乞丐
9774,连锁
9775,厄尼
9776,上天
9777,全速
9778,割断
9779,朋
9780,骨髓
9781,钟声
9782,案情
9783,电缆
9784,冈
9785,殡仪馆
9786,贝壳
9787,屈
9788,坠
9789,超模
9790,余下
9791,是因为
9792,匕首
9793,桑德拉
9794,伸张
9795,想方设法
9796,魅
9797,麦卡锡
9798,沸腾
9799,群岛
9800,例行
9801,吸尘器
9802,宣告
9803,草率
9804,日出
9805,动听
9806,炸鸡
9807,驱使
9808,坏主意
9809,篝火
9810,习俗
9811,妃
9812,农夫
9813,弯曲
9814,合唱团
9815,铭记
9816,微妙
9817,巧妙
9818,残暴
9819,火热
9820,南美
9821,枕
9822,疤痕
9823,生于
9824,剪辑
9825,取胜
9826,月经
9827,冒充
9828,紧迫
9829,相连
9830,椅
9831,衷心
9832,同感
9833,拉丁语
9834,怪罪
9835,膏
9836,墨西哥人
9837,绊倒
9838,大兵
9839,逝
9840,下属
9841,喵
9842,迫切
9843,周边
9844,裘
9845,制造商
9846,身心
9847,手掌
9848,和尚
9849,皇
9850,纠纷
9851,梳
9852,备份
9853,无话可说
9854,舷
9855,耶路撒冷
9856,捏造
9857,羔羊
9858,宵禁
9859,上层
9860,充实
9861,脸红
9862,曹
9863,醉鬼
9864,一旁
9865,储备
9866,被害者
9867,顺路
9868,人马
9869,观光
9870,玛吉
9871,粪便
9872,小菜
9873,进军
9874,进场
9875,足迹
9876,托举
9877,步入
9878,领土
9879,爱国者
9880,中世纪
9881,落地
9882,气罐
9883,头巾
9884,嬉皮士
9885,心愿
9886,黑市
9887,自行
9888,守则
9889,达西
9890,巡
9891,渗透
9892,转播
9893,案发
9894,世事
9895,领事馆
9896,阿尔梅达
9897,拘留所
9898,主公
9899,充斥
9900,洋娃娃
9901,宣扬
9902,蚊子
9903,暴君
9904,巴格达
9905,脑筋
9906,秃头
9907,四月
9908,莫斯
9909,奖章
9910,爱意
9911,杂碎
9912,临死
9913,表扬
9914,颁发
9915,吹嘘
9916,单元
9917,探视
9918,拉拉队
9919,追赶
9920,十一
9921,粗话
9922,灌输
9923,逗留
9924,卵
9925,妥当
9926,迪斯尼
9927,下达
9928,棒棒糖
9929,淹
9930,树叶
9931,运动鞋
9932,挨饿
9933,看透
9934,存放
9935,打针
9936,项圈
9937,故
9938,起草
9939,糊
9940,苗条
9941,智能
9942,当兵
9943,藉
9944,享有
9945,向往
9946,南非
9947,燃
9948,暗算
9949,在案
9950,一见钟情
9951,立正
9952,隐秘
9953,起源
9954,鹦鹉
9955,耳边
9956,贝拉
9957,洗衣
9958,无畏
9959,潜质
9960,赌徒
9961,厢
9962,整洁
9963,满怀
9964,厨子
9965,佳人
9966,未必
9967,尽兴
9968,宠
9969,大力
9970,大头
9971,每时每刻
9972,终结者
9973,漫漫
9974,消磨
9975,熬夜
9976,普遍
9977,指手画脚
9978,打嗝
9979,半身
9980,经费
9981,盾牌
9982,扣子
9983,迷糊
9984,雪莉
9985,肇事
9986,下定决心
9987,彭
9988,贵干
9989,数千
9990,雪山
9991,描写
9992,顾虑
9993,侍者
9994,开价
9995,思绪
9996,施加
9997,尼克松
9998,全副
9999,休克
10000,快餐
10001,狙击