,0
0,มุม
1,เชิญ
2,แจ้ง
3,ยื่น
4,สำนักงาน
5,กะ
6,ทีเดียว
7,ให้การ
8,ยิ้ม
9,ข้าราชการ
10,พื้นฐาน
11,หนี้
12,ยิ่งใหญ่
13,ยินดี
14,ยาย
15,หน่วย
16,รถยนต์
17,รอย
18,เอกสาร
19,สนิท
20,กระดาษ
21,เข็ม
22,สำนัก
23,คอ
24,สด
25,โรงพยาบาล
26,หิน
27,ห่างไกล
28,ตำบล
29,ทั้งที่
30,จด
31,อบรม
32,จง
33,ปืน
34,โต๊ะ
35,มารดา
36,รวบรวม
37,เสื้อผ้า
38,แต่ก่อน
39,คุณค่า
40,ภาระ
41,เลือด
42,ขีด
43,กระแส
44,ผลิตภัณฑ์
45,ตระกูล
46,ขั้นตอน
47,บิดา
48,สิทธิ์
49,คัน
50,นักเขียน
51,ประสิทธิภาพ
52,สนุกสนาน
53,ผลกระทบ
54,หัวเราะ
55,เฝ้า
56,หลากหลาย
57,หู
58,ยิง
59,เยี่ยม
60,สวยงาม
61,ฝาก
62,หลักการ
63,ทา
64,เดือดร้อน
65,ล่า
66,อาวุธ
67,แขก
68,บ้านเมือง
69,ดอกไม้
70,ผูก
71,สตรี
72,มุ่ง
73,ถ่ายทอด
74,เหยื่อ
75,กรรมการ
76,นิ่ง
77,ที่นั่ง
78,สูญเสีย
79,วัตถุ
80,พันธุ์
81,หนทาง
82,เสือ
83,ประวัติ
84,ลำ
85,คุม
86,ปกป้อง
87,รับประทาน
88,ไอ
89,สนุก
90,ท้อง
91,ทบทวน
92,ลูกชาย
93,นิ้ว
94,สหรัฐ
95,สัญญาณ
96,ผัก
97,แคบ
98,สมควร
99,ท่ามกลาง
100,คุณสมบัติ
101,ตัน
102,วิญญาณ
103,เท
104,ไอ้
105,จ้าง
106,สถาน
107,คนงาน
108,วิชาการ
109,รถไฟ
110,ล้ำ
111,เล็กน้อย
112,ดินแดน
113,โปรด
114,แง่
115,คะแนน
116,โรงแรม
117,กรุณา
118,จดหมาย
119,พลังงาน
120,ขับ
121,ดื่ม
122,หอม
123,ระมัดระวัง
124,ประเมิน
125,กำเนิด
126,เคลื่อนไหว
127,เลิศ
128,หนอง
129,เชื่อม
130,สะท้อน
131,ประสาน
132,ป่วย
133,ฤดู
134,เข้มแข็ง
135,สูตร
136,ฟัน
137,เท้า
138,หล่อน
139,วางแผน
140,เก่าแก่
141,ลับ
142,ทันสมัย
143,ลอย
144,พอดี
145,สะสม
146,ชัย
147,บวช
148,ลาย
149,ยกเว้น
150,พลอย
151,องค์การ
152,ลูกค้า
153,ริม
154,แถบ
155,ย่อย
156,ม้า
157,ชื่นชม
158,คอมพิวเตอร์
159,กระตุ้น
160,รับรอง
161,ฝูง
162,โค
163,ไฟฟ้า
164,ออกแบบ
165,ทน
166,สื่อสาร
167,งบประมาณ
168,ลูกสาว
169,ทำนอง
170,ประโยค
171,สร้างสรรค์
172,มีอายุ
173,ภาษี
174,ป้า
175,กองทัพ
176,คุณแม่
177,โกรธ
178,กล้อง
179,ภาพยนตร์
180,จินตนาการ
181,แฟน
182,ทรัพย์สิน
183,สว่าง
184,หลับ
185,ยุติธรรม
186,ยศ
187,ก่อให้เกิด
188,จัดตั้ง
189,ขวา
190,เบา
191,โค้ง
192,ครอง
193,กาล
194,เรียกร้อง
195,ค่าใช้จ่าย
196,ล้ม
197,วงการ
198,สาธารณะ
199,ศักดิ์
200,ตื่น
201,หวาน
202,ทับ
203,ไก่
204,เกรง
205,ที่จริง
206,ใกล้เคียง
207,ถัด
208,ลงมือ
209,ยาง
210,บริโภค
211,แถม
212,ผลประโยชน์
213,หนาว
214,ปรารถนา
215,หลาน
216,จนกว่า
217,ความเชื่อ
218,ทฤษฎี
219,พระราชบัญญัติ
220,ใส
221,เรียบ
222,เงื่อนไข
223,ประชา
224,ประดับ
225,บวก
226,เหรอ
227,เจ็บ
228,คลอง
229,เปอร์เซ็นต์
230,อก
231,พลิก
232,ไหว
233,เพชร
234,ถึงกับ
235,ห่วง
236,ธนาคาร
237,นำเข้า
238,ตอนนั้น
239,ปรึกษา
240,ทดสอบ
241,ชำระ
242,ลบ
243,วัง
244,เท่าไร
245,เทคนิค
246,ความเร็ว
247,ดัน
248,บันได
249,แต่ว่า
250,วิทยา
251,เดี๋ยว
252,พระเอก
253,สวม
254,ปู
255,ตรา
256,แม้กระทั่ง
257,มั้ย
258,ทอด
259,เหลือง
260,เมตร
261,ตำหนิ
262,มาตรการ
263,เลข
264,สาระ
265,ฉลาด
266,อนามัย
267,วิทยุ
268,ขวบ
269,แข็ง
270,หมา
271,เศษ
272,บรรยาย
273,รางวัล
274,เงียบ
275,ตึก
276,ความดี
277,มอบ
278,อบอุ่น
279,ไข่
280,ถึงขนาด
281,อุปสรรค
282,ไหว้
283,ประกัน
284,แขน
285,สระ
286,ขอบ
287,ก้าวหน้า
288,ขนม
289,พื้นดิน
290,เจตนา
291,ผ่อนคลาย
292,เจ้านาย
293,กำแพง
294,นานา
295,บัญชี
296,ภูเขา
297,ถอน
298,วัยรุ่น
299,ถนัด
300,เกียรติ
301,กระเป๋า
302,ข้า
303,หญ้า
304,พึ่ง
305,หน้าตา
306,บ้า
307,แห้ง
308,เกณฑ์
309,วิชาชีพ
310,ค้าขาย
311,คุ้มครอง
312,กิจ
313,เบื่อ
314,ประสาท
315,เทพ
316,พิษ
317,ชั่วคราว
318,ตัวเลข
319,เปิดเผย
320,ฤทธิ์
321,วรรค
322,ผืน
323,เบื้องหลัง
324,เศร้า
325,ขับรถ
326,แต่งตั้ง
327,เนื้อหา
328,ตอบแทน
329,สติ
330,ประหยัด
331,ย่าง
332,ทรัพย์
333,เหล่า
334,เผา
335,แอบ
336,ดับ
337,สลับ
338,ลาน
339,ลาว
340,ตุลาคม
341,ส่งออก
342,กาลเวลา
343,หุ่น
344,กด
345,อดทน
346,ศัตรู
347,ว่าความ
348,โจร
349,สมัคร
350,ม่วง
351,การเงิน
352,ท้าทาย
353,เครื่องบิน
354,ถ้าหาก
355,ขนส่ง
356,รัชกาล
357,ไม่ทัน
358,คิดเห็น
359,แฝง
360,ผูกพัน
361,ธิดา
362,ฝัง
363,วินิจฉัย
364,สอดคล้อง
365,ศรัทธา
366,หลบ
367,สลาย
368,ท่อน
369,หยิบ
370,สมาคม
371,อ้อม
372,ส่วนมาก
373,ล้อม
374,หายใจ
375,สาน
376,สัญลักษณ์
377,กำไร
378,บรรจุ
379,เชิด
380,นิตยสาร
381,ย้ำ
382,ตระหนัก
383,เกล้า
384,จำหน่าย
385,ลิง
386,ถิ่น
387,จดจำ
388,เมตตา
389,สิ้นสุด
390,ประเพณี
391,ระงับ
392,เชื่อมั่น
393,น้ำตาล
394,ผู้เขียน
395,สากล
396,ที่พัก
397,ค้นพบ
398,เผชิญ
399,ชนบท
400,ความร่วมมือ
401,เป็นอัน
402,สนทนา
403,จาน
404,เชื้อ
405,หมู
406,ระเบิด
407,ขโมย
408,เว้น
409,อู่
410,เผยแพร่
411,ผิดพลาด
412,ต่อต้าน
413,ต่อไปนี้
414,เจรจา
415,อาวุโส
416,รอบคอบ
417,แหละ
418,ปรับตัว
419,สัดส่วน
420,กระบอก
421,ชักชวน
422,แหลม
423,มติ
424,เลี้ยงดู
425,เกษตรกร
426,เร่ง
427,ซ่อน
428,ลงโทษ
429,กระจ่าง
430,ลูกหลาน
431,เม็ด
432,กุ
433,เหล้า
434,ผู้ปกครอง
435,ตลก
436,เลวร้าย
437,คำนึง
438,กลางคืน
439,ปฏิบัติการ
440,เพื่อนบ้าน
441,ก้อน
442,ใช้งาน
443,หลักสูตร
444,ถอด
445,เกี่ยว
446,ผู้บริโภค
447,ขวด
448,ค่ำ
449,จัดทำ
450,ฟ้อง
451,ภูมิภาค
452,พึง
453,นิทาน
454,แสดงออก
455,อนุรักษ์
456,ทูต
457,ทราย
458,เสรี
459,ก่อสร้าง
460,กันและกัน
461,ลิ้น
462,ความขัดแย้ง
463,อร่อย
464,เสมือน
465,สิ่งของ
466,บัตร
467,ชำนาญ
468,ปฏิรูป
469,หลักเกณฑ์
470,ประธานาธิบดี
471,นอกเหนือ
472,นับว่า
473,ลูกจ้าง
474,ทุ่ง
475,พร
476,รำ
477,จัก
478,หมุน
479,วันหยุด
480,ท่อ
481,ข้างต้น
482,ห่อ
483,เฉลี่ย
484,มูลค่า
485,เข้าถึง
486,รองเท้า
487,แจก
488,ดารา
489,ย้อน
490,ปลอม
491,ชาน
492,นั่นแหละ
493,ศักดิ์สิทธิ์
494,บรรเลง
495,ตาราง
496,ยืม
497,อัด
498,น่ารัก
499,มรดก
500,ต้อนรับ
501,อพยพ
502,โน้ต
503,มีเสียง
504,ค้าง
505,เบื้องต้น
506,แดน
507,ประทับใจ
508,ป้าย
509,ความเป็นจริง
510,ร่วมมือ
511,ปน
512,สรรพ
513,ถาวร
514,วัว
515,สาธารณสุข
516,สุภาพ
517,งั้น
518,รู
519,เพดาน
520,บ่งบอก
521,ร้ายแรง
522,กำ
523,เทียน
524,กำจัด
525,กลางวัน
526,บูชา
527,บ่อ
528,ประดิษฐ์
529,ใส่ใจ
530,บัว
531,หลุด
532,คม
533,ต่างหาก
534,เจ้าฟ้า
535,เฉย
536,นิติกรรม
537,ประชากร
538,คนไข้
539,แสวงหา
540,กระทั่ง
541,ผู้บริหาร
542,กล
543,ศักยภาพ
544,ครอบครอง
545,อ่อนแอ
546,มงคล
547,คนใช้
548,รู้ตัว
549,มหาศาล
550,จอด
551,คิว
552,เจาะ
553,เสียใจ
554,พาณิชย์
555,เล่าเรียน
556,ขยายตัว
557,ทรัพยากร
558,รี่
559,แผนก
560,เพียงใด
561,หลังคา
562,ปราศจาก
563,วุ่นวาย
564,เจ
565,โชคดี
566,กระจก
567,ยากจน
568,หลีกเลี่ยง
569,ศิลปิน
570,กลไก
571,ประทับ
572,ถ้อยคำ
573,ตกแต่ง
574,ท่าทาง
575,ลึกซึ้ง
576,ความมั่นใจ
577,เคลื่อน
578,เท่าใด
579,ขยะ
580,ย่า
581,เอ่ย
582,วัสดุ
583,ประมาท
584,นม
585,ป้อน
586,กัด
587,ชายหนุ่ม
588,แทรก
589,ดังที่
590,ชัก
591,แนวโน้ม
592,เงา
593,เดี่ยว
594,บัญญัติ
595,แข่ง
596,รบกวน
597,ก่อนหน้า
598,ซ่อม
599,กู้
600,วินาที
601,ร่วง
602,วัตถุประสงค์
603,ร้องไห้
604,หน
605,กล่าวคือ
606,ตกใจ
607,ผลไม้
608,รุ่ง
609,ส่วนร่วม
610,รองรับ
611,รสนิยม
612,ตำนาน
613,กระนั้น
614,จักร
615,สำนึก
616,เสื่อม
617,ตรงกัน
618,ร่ำรวย
619,ศีรษะ
620,สบายใจ
621,เมล็ด
622,นับแต่
623,พระราชทาน
624,มหานคร
625,ฟิล์ม
626,ใบหน้า
627,เดี๋ยวนี้
628,กาแฟ
629,จำพวก
630,เห็นใจ
631,แน่น
632,ปั้น
633,เข้ม
634,เมื่อไร
635,ไหม้
636,กั้น
637,นัย
638,ยืด
639,ขุน
640,วิจารณ์
641,ปฏิวัติ
642,ข่าวสาร
643,แพร่
644,ยกเลิก
645,เทวดา
646,กษัตริย์
647,ข้าวสาร
648,อด
649,ข้อเท็จจริง
650,ต่างจังหวัด
651,เนื้อที่
652,เศรษฐี
653,เครือข่าย
654,พุทธศาสนา
655,คำนวณ
656,องค์ประกอบ
657,ฟื้นฟู
658,พิการ
659,คัด
660,ว่าที่
661,ทดแทน
662,เงินเดือน
663,ปรกติ
664,ขณะเดียวกัน
665,มารยาท
666,เชื่อมโยง
667,ชนชั้น
668,แต่อย่างใด
669,ปัก
670,หลอก
671,เอื้อ
672,ท่าที
673,พุ่ง
674,โอน
675,ขี้
676,ราก
677,ทิพย์
678,สภาวะ
679,มืด
680,ค่าย
681,ประกอบการ
682,ทัพ
683,ขุด
684,เต้น
685,วรรณ
686,กางเกง
687,ผา
688,ติดตัว
689,เค้า
690,แผ่
691,แก่น
692,บุคลากร
693,ความชอบ
694,ความกลัว
695,ผู้เชี่ยวชาญ
696,พยาน
697,พฤษภาคม
698,ค้น
699,ซื่อสัตย์
700,วิเศษ
701,มณี
702,อย่างเช่น
703,ดั่ง
704,ภู
705,สละ
706,คุ
707,คัดเลือก
708,กำกับ
709,ภาคภูมิใจ
710,ธันวาคม
711,วาจา
712,ชายฝั่ง
713,รัง
714,นางเอก
715,บ่าย
716,ดอกเบี้ย
717,เยาวชน
718,ยกย่อง
719,ระบอบ
720,เข้าหา
721,บังเอิญ
722,รูปทรง
723,แผนที่
724,เซลล์
725,หนา
726,เสียสละ
727,รื้อ
728,ทาส
729,สงวน
730,เลว
731,ล้อ
732,ต้ม
733,อำนวย
734,ดำเนินงาน
735,นิสิต
736,เผ่า
737,ครัว
738,ตัวผู้
739,ครั้น
740,ซอย
741,ฟอง
742,ผลักดัน
743,สอด
744,ตอนแรก
745,เอาใจใส่
746,ประพฤติ
747,ผลผลิต
748,สีสัน
749,กุ้ง
750,จำเลย
751,จัง
752,ภารกิจ
753,สถิติ
754,กระโดด
755,บ้านเรือน
756,เหลือเกิน
757,แย่
758,รับใช้
759,ชีวิตชีวา
760,บก
761,เสน่ห์
762,ตรี
763,ปก
764,สมัยก่อน
765,เอกลักษณ์
766,มัง
767,จอ
768,มกราคม
769,เบื้อง
770,ทะเบียน
771,เครียด
772,ทะเลาะ
773,ผู้ชม
774,พร้อมทั้ง
775,เก้าอี้
776,คุ้ม
777,ประมง
778,ผนัง
779,ทีวี
780,ศาสตร์
781,พัด
782,ทำมาหากิน
783,คำแนะนำ
784,แย่ง
785,อัตโนมัติ
786,ครอบคลุม
787,บัดนี้
788,เทป
789,มัธยม
790,โปรแกรม
791,คลอด
792,ราบรื่น
793,ผจญภัย
794,เอียง
795,กึ่ง
796,ไพเราะ
797,น้ำตา
798,จริยธรรม
799,ปู่
800,บันเทิง
801,มิถุนายน
802,เสพ
803,เครือ
804,สมาธิ
805,เมษายน
806,ไผ่
807,เลขาธิการ
808,ทำบุญ
809,พลาง
810,เมา
811,ขวาง
812,จุดหมาย
813,เหมา
814,ล้มเหลว
815,ถ้วย
816,มหัศจรรย์
817,ประทาน
818,มุ่งมั่น
819,กองทุน
820,ชรา
821,สถานะ
822,วะ
823,ศีลธรรม
824,ทรมาน
825,ออม
826,พลาด
827,ทอ
828,บุคลิก
829,เครื่องดื่ม
830,โดยทั่วไป
831,ห้องน้ำ
832,ศูนย์กลาง
833,วิถี
834,ยุ่งยาก
835,บรรลุ
836,คอน
837,เบอร์
838,ข้อตกลง
839,ตกเป็น
840,ใบไม้
841,ศิลป์
842,เจ็บป่วย
843,ตัก
844,โมง
845,สม่ำเสมอ
846,ตัวละคร
847,มิให้
848,ร่องรอย
849,คุณหมอ
850,บ่น
851,ปราบ
852,ใช้จ่าย
853,สำนวน
854,เตียง
855,แม่บ้าน
856,ชิง
857,ยากลำบาก
858,บาน
859,อุบัติเหตุ
860,ตาก
861,มอบหมาย
862,แวะ
863,ใหญ่โต
864,ด้อย
865,รวมตัว
866,ธาตุ
867,โชว์
868,เวียน
869,ขบวน
870,สงสาร
871,ขี่
872,อักษร
873,เที่ยง
874,ย่าน
875,กลม
876,อาย
877,ปฏิกิริยา
878,บทบัญญัติ
879,พระมหากษัตริย์
880,ดั้งเดิม
881,โครง
882,ดิบ
883,ชิน
884,น้ำใจ
885,หัวข้อ
886,ราวกับ
887,ยั่งยืน
888,ปวด
889,ราษฎร
890,ยัย
891,นี่แหละ
892,ผู้แต่ง
893,ปรากฏการณ์
894,ทศวรรษ
895,ตรงกันข้าม
896,เสรีภาพ
897,ไว
898,ขวัญ
899,รึ
900,ขู่
901,เจ็บปวด
902,ระยะทาง
903,วินัย
904,ดวงตา
905,มิติ
906,จม
907,หม้อ
908,มีด
909,จมูก
910,นักวิชาการ
911,อภิปราย
912,พรรคพวก
913,เหรียญ
914,ท่าเรือ
915,ขยัน
916,เลยทีเดียว
917,ทุ่ม
918,ครบถ้วน
919,ลำพัง
920,ต่อหน้า
921,กล่อง
922,แผล
923,ดง
924,จัดสรร
925,เยือน
926,ศตวรรษ
927,ประเสริฐ
928,คัดค้าน
929,เอาชนะ
930,ปรัชญา
931,ศาสตราจารย์
932,ซาบซึ้ง
933,ตีความ
934,ริน
935,ซัก
936,ลัก
937,สูญ
938,นี่เอง
939,บำรุง
940,ก้าน
941,รับจ้าง
942,ส้ม
943,ปัน
944,ประหาร
945,คาดหวัง
946,วน
947,พลาสติก
948,มื้อ
949,นักท่องเที่ยว
950,กล่าวหา
951,พนม
952,ปฏิบัติงาน
953,จำคุก
954,ยุติ
955,คณะรัฐมนตรี
956,ที่พึ่ง
957,กวี
958,กติกา
959,เป็นอย่างยิ่ง
960,สดใส
961,บำบัด
962,ทักษะ
963,ฉลอง
964,อิ่ม
965,เผชิญหน้า
966,ส่อง
967,กรอง
968,จักรวาล
969,แป้ง
970,แลก
971,งู
972,ทายาท
973,อ้วน
974,จำต้อง
975,สมดุล
976,ดิ่ง
977,ขาน
978,ชัยชนะ
979,ราบ
980,แดด
981,ทุกสิ่งทุกอย่าง
982,มีนาคม
983,ดึงดูด
984,ทวี
985,พระพุทธเจ้า
986,จัดหา
987,ชี้แจง
988,สมรส
989,ร้องเพลง
990,สื่อมวลชน
991,คุก
992,ขยับ
993,ป่าไม้
994,เห็นชอบ
995,แต่งกาย
996,สหกรณ์
997,ออ
998,บรรพบุรุษ
999,ร้านค้า
1000,นักธุรกิจ
1001,ซื้อขาย
1002,พระพุทธศาสนา
1003,คอม
1004,อนุมัติ
1005,แขวน
1006,บทความ
1007,พึ่งพา
1008,โบสถ์
1009,ชีพ
1010,ย่อ
1011,กุศล
1012,หุ้น
1013,สันติ
1014,อนุบาล
1015,อวัยวะ
1016,สั่น
1017,ลาก
1018,สะดุด
1019,ตอบสนอง
1020,ซับซ้อน
1021,เมื่อใด
1022,อาบน้ำ
1023,ประชาสัมพันธ์
1024,รายจ่าย
1025,ตุ๊กตา
1026,วิถีชีวิต
1027,พื้นเมือง
1028,ปีก
1029,คบ
1030,จราจร
1031,ด่วน
1032,นายจ้าง
1033,พูดจา
1034,บัณฑิต
1035,แกะ
1036,ฟู
1037,เพลิดเพลิน
1038,บาร์
1039,ผัว
1040,คนตาย
1041,ซี่
1042,กระดูก
1043,เปรียบ
1044,หลุม
1045,เห
1046,ชายแดน
1047,คอมมิวนิสต์
1048,เข้มข้น
1049,ทวีป
1050,ชั้นใน
1051,เลียนแบบ
1052,สง่า
1053,ดีแล้ว
1054,ผู้ช่วย
1055,เศรษฐศาสตร์
1056,วุฒิ
1057,วาระ
1058,เซ็น
1059,โจมตี
1060,หอ
1061,กรกฎาคม
1062,คลาย
1063,มังกร
1064,ถ่ายรูป
1065,ปกปิด
1066,ก๊าซ
1067,เป้า
1068,สมุด
1069,ศาลา
1070,รัด
1071,ด้านหน้า
1072,ควัน
1073,ผสมผสาน
1074,ดิ้นรน
1075,พบปะ
1076,รสชาติ
1077,มี่
1078,ขอบเขต
1079,แกน
1080,ยินยอม
1081,มวล
1082,ผ่าตัด
1083,ศักดิ์ศรี
1084,ฮา
1085,สิงหาคม
1086,อุณหภูมิ
1087,แบน
1088,ตัวเรา
1089,สั่งสอน
1090,รั่ว
1091,จดทะเบียน
1092,ดุ
1093,สังกัด
1094,รัศมี
1095,พี่ชาย
1096,เกลียด
1097,ซับ
1098,ผู้อำนวยการ
1099,ไส้
1100,บุรุษ
1101,พรรณ
1102,จอง
1103,ตามใจ
1104,สำรอง
1105,หาง
1106,ขาดแคลน
1107,ใคร่
1108,รังเกียจ
1109,คอร์ด
1110,ขบวนการ
1111,อาญา
1112,แบก
1113,บริจาค
1114,เชื่อถือ
1115,ปรุง
1116,ตรัส
1117,เปลือก
1118,เลี่ยง
1119,จำลอง
1120,สิงห์
1121,ผัน
1122,ทั้งปวง
1123,กุมภาพันธ์
1124,ประหลาด
1125,บารมี
1126,พรหม
1127,มหาดไทย
1128,น่ากลัว
1129,แมว
1130,คุณธรรม
1131,ซึม
1132,ลาด
1133,ถึงแม้ว่า
1134,ปราบปราม
1135,หน้าต่าง
1136,ดัดแปลง
1137,ลีลา
1138,เคลื่อนที่
1139,มึง
1140,กระชับ
1141,ชาม
1142,วรรณคดี
1143,ราง
1144,ข่าย
1145,แทง
1146,สถาปัตยกรรม
1147,ราชอาณาจักร
1148,เกษตรกรรม
1149,ศร
1150,เงินทอง
1151,ฉีด
1152,การคลัง
1153,กอด
1154,สามัคคี
1155,ฉุกเฉิน
1156,หอย
1157,สวด
1158,สำเร็จรูป
1159,พัง
1160,วิกฤต
1161,เน่า
1162,โป
1163,เบิก
1164,สกปรก
1165,แสงสว่าง
1166,ธรรมเนียม
1167,กว้างใหญ่
1168,ประถม
1169,ยุ่ง
1170,สภาพแวดล้อม
1171,งง
1172,แท่ง
1173,บาดเจ็บ
1174,สุก
1175,โศก
1176,อธิบดี
1177,แปลกใจ
1178,คนรัก
1179,โชค
1180,สกุล
1181,กิริยา
1182,ตอบรับ
1183,บาป
1184,กลอง
1185,แข็งแกร่ง
1186,ครรภ์
1187,พระสงฆ์
1188,เชี่ยวชาญ
1189,โทร
1190,ก้ม
1191,ประมวล
1192,เจ้าชาย
1193,คูณ
1194,กอ
1195,เป็นไร
1196,สอบสวน
1197,ฝึกอบรม
1198,เอาใจ
1199,เสาร์
1200,ประท้วง
1201,สร้อย
1202,ราชวงศ์
1203,ชะ
1204,โลหะ
1205,เป่า
1206,ปะ
1207,ทางเดิน
1208,ต่อรอง
1209,น้ำเสียง
1210,ม้วน
1211,อ่าว
1212,เทา
1213,โดดเด่น
1214,ชื่น
1215,ปะทะ
1216,หมวด
1217,เปี่ยม
1218,ร่ม
1219,หมวก
1220,ท้องฟ้า
1221,บันดาล
1222,พอเพียง
1223,กลับกลาย
1224,ตำ
1225,ข้าวของ
1226,พินิจ
1227,ค้นคว้า
1228,องศา
1229,นวด
1230,ปลัด
1231,คว้า
1232,หิว
1233,แล้ง
1234,รังสี
1235,อุดม
1236,ค่าจ้าง
1237,ของเก่า
1238,โบ
1239,กลืน
1240,หวน
1241,สติปัญญา
1242,แมลง
1243,ห้วง
1244,ทีนี้
1245,ปุ๋ย
1246,แหง
1247,สีหน้า
1248,ขัน
1249,ช้อน
1250,จงใจ
1251,มัว
1252,พิพากษา
1253,แรม
1254,คุกคาม
1255,เครื่องใช้
1256,หยาบ
1257,หย่า
1258,ประสานงาน
1259,อุทิศ
1260,เคียง
1261,เนื่อง
1262,คู
1263,จริงใจ
1264,ฟื้น
1265,ห่วงใย
1266,ลัทธิ
1267,ไตร
1268,พฤศจิกายน
1269,อ่าง
1270,เข้มงวด
1271,ข้างใน
1272,ข้างบน
1273,บีบ
1274,รุ่งเรือง
1275,กราบ
1276,เดา
1277,ทูล
1278,วัตถุดิบ
1279,พนัน
1280,ทารก
1281,น้ำเงิน
1282,สามัญ
1283,เพลิง
1284,จอม
1285,ตอบโต้
1286,แหวน
1287,ผัด
1288,อย่างไรก็ดี
1289,คำพิพากษา
1290,มน
1291,บัง
1292,เครื่องหมาย
1293,วงจร
1294,พรุ่งนี้
1295,พระบาทสมเด็จ
1296,เขื่อน
1297,หัด
1298,จุ
1299,หมุนเวียน
1300,อิจฉา
1301,ฝา
1302,ต่อเมื่อ
1303,เพาะ
1304,หมาก
1305,เต็มใจ
1306,แฟชั่น
1307,กวน
1308,อ้อย
1309,ซอง
1310,อิง
1311,หาด
1312,นิยาย
1313,ก่อตั้ง
1314,ตีพิมพ์
1315,ฉับพลัน
1316,คลุม
1317,คุณหญิง
1318,ฝึกฝน
1319,ตัวอักษร
1320,เช็ค
1321,ในขณะนั้น
1322,แก่ตัว
1323,ทุนนิยม
1324,ครอบ
1325,เมฆ
1326,สุดยอด
1327,พระทัย
1328,ขจัด
1329,ช่องทาง
1330,ข้างล่าง
1331,คำอธิบาย
1332,พระราชวัง
1333,ทักทาย
1334,พับ
1335,กวาง
1336,สูงอายุ
1337,สาหัส
1338,กล้ามเนื้อ
1339,ขอโทษ
1340,ที่ทาง
1341,การ์ตูน
1342,ก่อนหน้านี้
1343,มหาสมุทร
1344,ผู้ดี
1345,สวัสดิการ
1346,สะกด
1347,สุรา
1348,ธง
1349,เสียดาย
1350,โน้น
1351,ซาน
1352,ไข้
1353,คล่อง
1354,ลือ
1355,สบ
1356,แกง
1357,กุหลาบ
1358,วิตก
1359,นักข่าว
1360,สนอง
1361,ดูถูก
1362,ของขวัญ
1363,ผู้ร้าย
1364,ตะโกน
1365,อึดอัด
1366,อุปถัมภ์
1367,ทำท่า
1368,ไต
1369,กลอน
1370,บกพร่อง
1371,ทะลุ
1372,ปะปน
1373,วันเวลา
1374,พระจันทร์
1375,โน่น
1376,ชมพู
1377,สารเคมี
1378,ถูกใจ
1379,โก้
1380,ยี่ห้อ
1381,ฟรี
1382,ไว้วางใจ
1383,ลวดลาย
1384,เนื่องมาจาก
1385,มั่น
1386,กุญแจ
1387,เวร
1388,โง่
1389,ลูกศิษย์
1390,ควบคู่
1391,เปล่ง
1392,พระนาง
1393,เสิร์ฟ
1394,สำราญ
1395,รับราชการ
1396,หย่อน
1397,สนิทสนม
1398,สถานภาพ
1399,ซาก
1400,ระดม
1401,โจทก์
1402,หมดสิ้น
1403,ปาน
1404,แพร่หลาย
1405,จูงใจ
1406,ล้น
1407,พิทักษ์
1408,ผู้ทรง
1409,วรรณกรรม
1410,อุ้ม
1411,ต่อจากนั้น
1412,แปร
1413,อยู่รอด
1414,ดัก
1415,พ่ายแพ้
1416,รั้ว
1417,เคยชิน
1418,เพื่อนฝูง
1419,สิริ
1420,อาณาจักร
1421,จัดงาน
1422,ความเคลื่อนไหว
1423,ข่มขืน
1424,ขอรับ
1425,ปล้น
1426,ดม
1427,ที่ทำการ
1428,ติดตั้ง
1429,เอ็ด
1430,จารึก
1431,ธูป
1432,รอยยิ้ม
1433,โฉม
1434,เจ้าหญิง
1435,ประจักษ์
1436,นามสกุล
1437,มูล
1438,เชียว
1439,แกล้ง
1440,ร้องขอ
1441,ประกาย
1442,ด้วยเหตุนี้
1443,สตางค์
1444,ข้อบังคับ
1445,ดีงาม
1446,เคร่งครัด
1447,ขนาน
1448,ห้องสมุด
1449,หนุน
1450,ขัดขวาง
1451,นักวิทยาศาสตร์
1452,การณ์
1453,ผู้กำกับ
1454,นักร้อง
1455,นักรบ
1456,ห้าง
1457,ชิด
1458,คาน
1459,นายทหาร
1460,เปื้อน
1461,เกลือ
1462,เด็กชาย
1463,สัมมนา
1464,ในขณะเดียวกัน
1465,เชื้อสาย
1466,กับข้าว
1467,ใจกลาง
1468,เข่า
1469,รถเมล์
1470,สืบทอด
1471,ประณีต
1472,อวด
1473,นิยาม
1474,ควาย
1475,โกหก
1476,เป็นต้นมา
1477,จิตวิทยา
1478,วิศวกร
1479,นาค
1480,ข้าวโพด
1481,เครื่องประดับ
1482,โกง
1483,แน่ชัด
1484,นุ่ม
1485,ทุ่มเท
1486,กระป๋อง
1487,สมมุติ
1488,ผู้ตาย
1489,ล่าสุด
1490,บุก
1491,ดัด
1492,ท้องที่
1493,ฝ่า
1494,ศิษย์
1495,กล้วย
1496,กล้าหาญ
1497,เทศบาล
1498,นิดหน่อย
1499,ไหล่
1500,เอาแต่
1501,สันนิษฐาน
1502,ปราสาท
1503,เท่าเทียม
1504,ด่าน
1505,หาเงิน
1506,โดยสาร
1507,ลึกลับ
1508,เชือก
1509,โต้
1510,ปาง
1511,ชั่ง
1512,บริวาร
1513,รายชื่อ
1514,เว้นแต่
1515,ละเมิด
1516,ซักถาม
1517,หลงใหล
1518,ผู้ประกอบการ
1519,พยัก
1520,วางตัว
1521,อุดหนุน
1522,ก็แล้วกัน
1523,วิทยาลัย
1524,บรรเทา
1525,จอมพล
1526,อุดมการณ์
1527,เจดีย์
1528,ตรงกลาง
1529,ครีม
1530,ใย
1531,ฟุต
1532,โล่ง
1533,ลมหายใจ
1534,แค้น
1535,ประชาธิปัตย์
1536,ประเมินผล
1537,นักโทษ
1538,ถ้ำ
1539,พื้นบ้าน
1540,ค่าเช่า
1541,หวาดกลัว
1542,ขุนนาง
1543,รับสั่ง
1544,ขั้ว
1545,หุ้ม
1546,ป้อม
1547,โผล่
1548,โยง
1549,ช่องว่าง
1550,ศีล
1551,ประพันธ์
1552,ผ่า
1553,คณิตศาสตร์
1554,แช่
1555,สงครามโลก
1556,ก้น
1557,ภักดี
1558,เครื่องยนต์
1559,กวาด
1560,ภาพถ่าย
1561,เชื้อเพลิง
1562,จากนี้
1563,งา
1564,ยุทธศาสตร์
1565,รัฐวิสาหกิจ
1566,นักวิจัย
1567,ตบ
1568,สุนัข
1569,เอ็น
1570,ครัวเรือน
1571,ข้างนอก
1572,โต้ตอบ
1573,ขำ
1574,มูลนิธิ
1575,รูปธรรม
1576,แล่น
1577,ละเลย
1578,พันธุกรรม
1579,จี้
1580,ค่านิยม
1581,เดช
1582,ไข
1583,ปอด
1584,เสวย
1585,อาชญากรรม
1586,รณรงค์
1587,ขอร้อง
1588,เผลอ
1589,ทั่วถึง
1590,ทัศนะ
1591,คมนาคม
1592,ความเครียด
1593,น้ำแข็ง
1594,แนบ
1595,วงกลม
1596,จักรยาน
1597,ห้อย
1598,ผ่อน
1599,เผื่อ
1600,มัด
1601,ศัพท์
1602,ปม
1603,เงินทุน
1604,แท่น
1605,มะพร้าว
1606,ผู้บังคับบัญชา
1607,คิ้ว
1608,เฉพาะตัว
1609,ยุทธ
1610,จับกุม
1611,เหงา
1612,ตกต่ำ
1613,อุ่น
1614,ผู้ว่าราชการ
1615,วาน
1616,เสริมสร้าง
1617,ดำรงชีวิต
1618,ว่ายน้ำ
1619,สี่เหลี่ยม
1620,แบ่งปัน
1621,อาสา
1622,มุสลิม
1623,มาร
1624,ลอก
1625,ยัน
1626,อรุณ
1627,ถ้วน
1628,เย็บ
1629,ประยุกต์
1630,ยุบ
1631,ทัก
1632,หวย
1633,ตอนเช้า
1634,ฉีก
1635,เงินกู้
1636,ต่อว่า
1637,แค่นี้
1638,สมุทร
1639,รัฐมนตรีว่าการ
1640,ละลาย
1641,กิ่ง
1642,สุจริต
1643,ให้อภัย
1644,จิตสำนึก
1645,ทุกแห่ง
1646,รวบ
1647,ฆ่าตัวตาย
1648,น้องชาย
1649,อบ
1650,ส่วนรวม
1651,พ่น
1652,กดดัน
1653,แคว้น
1654,ระลึก
1655,จ้อง
1656,มิฉะนั้น
1657,มิตรภาพ
1658,หงุดหงิด
1659,ชดใช้
1660,จาง
1661,แกม
1662,อุดมศึกษา
1663,สมุนไพร
1664,คู่แข่ง
1665,ผู้ดูแล
1666,บิด
1667,คอลัมน์
1668,สมทบ
1669,บรรทุก
1670,ห้องเรียน
1671,ทำนา
1672,จัดวาง
1673,ทองคำ
1674,สดชื่น
1675,กฎเกณฑ์
1676,ผู้สมัคร
1677,เตา
1678,นานาชาติ
1679,ภูมิปัญญา
1680,วิพากษ์วิจารณ์
1681,สนามบิน
1682,ฝุ่น
1683,บังเกิด
1684,รุก
1685,ออกกำลังกาย
1686,งบ
1687,ดอลลาร์
1688,ภพ
1689,อำ
1690,ภาพลักษณ์
1691,เหยียบ
1692,ถนอม
1693,เครดิต
1694,ภาคกลาง
1695,แก้ม
1696,มลพิษ
1697,หนักแน่น
1698,นรก
1699,รำคาญ
1700,กระทำการ
1701,แสงสี
1702,ควบ
1703,เด็กหญิง
1704,คุ้มค่า
1705,ขนมปัง
1706,ก้อง
1707,กลีบ
1708,มวลชน
1709,พงศ์
1710,เพี้ยน
1711,เวียง
1712,ลั่น
1713,ตรงไปตรงมา
1714,รอคอย
1715,ยึดมั่น
1716,สิง
1717,สันติภาพ
1718,แตะ
1719,ห่ม
1720,เพียร
1721,สูญหาย
1722,พริก
1723,เด็ด
1724,ประคอง
1725,นวล
1726,ความถูกต้อง
1727,เฉียงเหนือ
1728,แม่นยำ
1729,หรูหรา
1730,สิ่งมีชีวิต
1731,รับทราบ
1732,อุดมสมบูรณ์
1733,เผด็จการ
1734,เปรม
1735,อังคาร
1736,ผลัด
1737,ทีหลัง
1738,สำเนียง
1739,ทัวร์
1740,เต็มตัว
1741,เคลื่อนย้าย
1742,สารพัด
1743,กุม
1744,น่าเสียดาย
1745,ดังเช่น
1746,คำกล่าว
1747,ปุ่ม
1748,รูปถ่าย
1749,ธุระ
1750,แต่งหน้า
1751,สัญชาตญาณ
1752,สมมติ
1753,แบบแผน
1754,ทอดทิ้ง
1755,แปรเปลี่ยน
1756,ผิวหนัง
1757,อ่อนโยน
1758,ปริญญาตรี
1759,มงกุฎ
1760,ท่อง
1761,เทอม
1762,โดดเดี่ยว
1763,แจ่มใส
1764,แห่
1765,สถาปนิก
1766,สุทธิ
1767,ดำเนินคดี
1768,กง
1769,ประกวด
1770,คาถา
1771,ชิ้นส่วน
1772,ไขมัน
1773,ดาบ
1774,อม
1775,นิติบัญญัติ
1776,เบียร์
1777,มหาชน
1778,ชอบธรรม
1779,เผย
1780,ข้อจำกัด
1781,ปริญญาโท
1782,สมานฉันท์
1783,ศึกษาธิการ
1784,ใจดี
1785,เทียม
1786,วาย
1787,ทุจริต
1788,เจ้าตัว
1789,ถั่ว
1790,สักหน่อย
1791,เซน
1792,คติ
1793,ส่าย
1794,พิพิธภัณฑ์
1795,ปลอด
1796,จำแนก
1797,ดอง
1798,ม่าน
1799,ตั๋ว
1800,ติดใจ
1801,บริหารงาน
1802,ต้นฉบับ
1803,บุญคุณ
1804,กระตือรือร้น
1805,พิธีกรรม
1806,เหลี่ยม
1807,เสถียรภาพ
1808,โคลน
1809,เร้า
1810,เอดส์
1811,นวนิยาย
1812,ดวงอาทิตย์
1813,สรรเสริญ
1814,กลมกลืน
1815,ทัศนคติ
1816,ชั้นนำ
1817,ผู้โดยสาร
1818,พนักงานเจ้าหน้าที่
1819,ข้อดี
1820,ที่นอน
1821,ยึดถือ
1822,มณฑล
1823,รากฐาน
1824,พลเมือง
1825,ตัวแปร
1826,ปลด
1827,เป็ด
1828,ชาวต่างชาติ
1829,มั่ง
1830,กฎหมายแพ่ง
1831,ภาพรวม
1832,เต่า
1833,เบื่อหน่าย
1834,เลือน
1835,พาน
1836,ผลสำเร็จ
1837,เพาะปลูก
1838,เกรงใจ
1839,เปียก
1840,ปัด
1841,คุณครู
1842,ชีวภาพ
1843,ขั้นพื้นฐาน
1844,ธนู
1845,ร้าง
1846,ลอบ
1847,ว่างเปล่า
1848,ชะลอ
1849,นายทุน
1850,ปีน
1851,ชดเชย
1852,แท็กซี่
1853,ปลดปล่อย
1854,ส่งเสียง
1855,เสร็จสิ้น
1856,ได้เสีย
1857,กบ
1858,หล่น
1859,อนุกรรมการ
1860,ปลูกฝัง
1861,พี่เลี้ยง
1862,ซื่อ
1863,เท่านี้
1864,ข้อสรุป
1865,ธรรมะ
1866,แผง
1867,รม
1868,คลี่คลาย
1869,ความยุติธรรม
1870,ซ้อม
1871,ต่างด้าว
1872,ดวงดาว
1873,ปีใหม่
1874,ชิม
1875,อ้าย
1876,อัยการ
1877,ห้วย
1878,คำปรึกษา
1879,ตะวัน
1880,หั่น
1881,คุ้น
1882,รุม
1883,คัมภีร์
1884,รก
1885,มะเร็ง
1886,บรรณาธิการ
1887,หยด
1888,ของเล่น
1889,เทศกาล
1890,เปรียบเสมือน
1891,เช็ด
1892,หลาก
1893,ศุกร์
1894,ข้างหลัง
1895,ลงนาม
1896,วิถีทาง
1897,เหม็น
1898,สุพรรณ
1899,คณะกรรมาธิการ
1900,ฝ่ายค้าน
1901,ฟอร์ม
1902,ว่าย
1903,มาลัย
1904,ดึก
1905,รหัส
1906,ลื่น
1907,สิ้นเชิง
1908,ตีน
1909,สารคดี
1910,เอ่อ
1911,ทรัพยากรธรรมชาติ
1912,พรม
1913,เรือง
1914,คล้ายคลึง
1915,หมั้น
1916,หลีก
1917,พลเรือน
1918,หนาแน่น
1919,อ้างอิง
1920,โจทย์
1921,ยกมือ
1922,ล่อ
1923,เป็นต้นไป
1924,หนี้สิน
1925,เหงื่อ
1926,จุดประสงค์
1927,คร่าว
1928,แปรรูป
1929,เดือด
1930,แวว
1931,หันหน้า
1932,ยาน
1933,แบบอย่าง
1934,สารภาพ
1935,หลอกลวง
1936,เท็จ
1937,ศาลฎีกา
1938,ผ่านพ้น
1939,โค่น
1940,โซ่
1941,ควง
1942,ข้อมือ
1943,ครู่
1944,วิจิตร
1945,เรื่องสั้น
1946,ต้นเหตุ
1947,โสด
1948,อาสาสมัคร
1949,ประกันภัย
1950,ฟังดู
1951,คู่กรณี
1952,พันธมิตร
1953,เครื่องจักร
1954,ตรึง
1955,ทีมงาน
1956,ค่อน
1957,นิดเดียว
1958,ล่อง
1959,พายุ
1960,ตุ
1961,งอ
1962,เคาะ
1963,มหาราช
1964,ริเริ่ม
1965,แต่เดิม
1966,กริยา
1967,เว็บ
1968,กู้ยืม
1969,ศุลกากร
1970,นุ่ง
1971,ดอย
1972,ดาวเทียม
1973,หุง
1974,เข้าข้าง
1975,เชื้อชาติ
1976,ริมฝีปาก
1977,คำขอ
1978,พระพุทธรูป
1979,โคน
1980,ร่อง
1981,ปกคลุม
1982,ปิ้ง
1983,เล็บ
1984,ครอบงำ
1985,บำเพ็ญ
1986,ถ่ายภาพ
1987,ชื่นชอบ
1988,ได้เปรียบ
1989,อารยธรรม
1990,แสงแดด
1991,กระสุน
1992,อากร
1993,โคม
1994,ทอดพระเนตร
1995,แตง
1996,ชะตา
1997,แบ่งแยก
1998,หวง
1999,งด
2000,หนักหนา
2001,เปรี้ยว
2002,เฉลิม
2003,สังคมนิยม
2004,นักกีฬา
2005,เซนติเมตร
2006,ก่อการ
2007,บ้านพัก
2008,วิตกกังวล
2009,อิฐ
2010,มด
2011,ตุง
2012,สลัด
2013,คู่สมรส
2014,หอบ
2015,ชมรม
2016,แวดล้อม
2017,ของดี
2018,พลเอก
2019,แง่มุม
2020,จักรพรรดิ
2021,รีด
2022,ฉวย
2023,เตะ
2024,เจ้าแม่
2025,นักแสดง
2026,โปรดเกล้า
2027,ปล่อยตัว
2028,แย้ง
2029,ประจำตัว
2030,เลน
2031,ฟาก
2032,โลหิต
2033,สับ
2034,หมี
2035,ก้าวร้าว
2036,ปลื้ม
2037,ผง
2038,ปูน
2039,เอว
2040,ตอนต้น
2041,มนต์
2042,แขนง
2043,ภริยา
2044,ผอม
2045,ชุ่ม
2046,สบู่
2047,เพลิน
2048,เซียน
2049,จุดเด่น
2050,คิดค้น
2051,ใช้สอย
2052,ลุ่ม
2053,ทนายความ
2054,ตามลำพัง
2055,ต้นแบบ
2056,คุณวุฒิ
2057,เจ้าพนักงาน
2058,วิกฤติ
2059,ตู้เย็น
2060,ไว้ใจ
2061,บาดแผล
2062,แม่ค้า
2063,เอ็ง
2064,แชมป์
2065,พก
2066,ระยะห่าง
2067,จิตรกรรม
2068,ชาญ
2069,สั่งการ
2070,เยียวยา
2071,อิสรภาพ
2072,วิธีคิด
2073,เรียว
2074,บอกกล่าว
2075,ตอ
2076,หมึก
2077,กำหนดการ
2078,ตับ
2079,ขี้เกียจ
2080,แวดวง
2081,เคมี
2082,ผีเสื้อ
2083,ตื่นตัว
2084,ช่อ
2085,ฤดูกาล
2086,ยีน
2087,ดัชนี
2088,ท่วม
2089,แถลง
2090,ซึ้ง
2091,เถียง
2092,หน้าอก
2093,ทุบ
2094,การเรียนการสอน
2095,เทียบเท่า
2096,นางสาว
2097,ไพศาล
2098,ซีก
2099,ผ่อง
2100,มิด
2101,จุดอ่อน
2102,หากิน
2103,ไปรษณีย์
2104,หวัด
2105,สมา
2106,อันดี
2107,นิติบุคคล
2108,เฒ่า
2109,ดวงจันทร์
2110,ผู้เสียหาย
2111,สงเคราะห์
2112,คนขาย
2113,ไอน้ำ
2114,พารา
2115,หมอก
2116,ยับยั้ง
2117,เสียบ
2118,เลขานุการ
2119,สาด
2120,พจน์
2121,เต้นรำ
2122,อายุความ
2123,เป็นอันขาด
2124,วาท
2125,โขง
2126,กาง
2127,คุณย่า
2128,นุ่มนวล
2129,ขาดทุน
2130,ข้อหา
2131,มานะ
2132,กิเลส
2133,ที่ระลึก
2134,ปริญญา
2135,แว่น
2136,พาหนะ
2137,ประมุข
2138,เครื่องแบบ
2139,หาเสียง
2140,หวั่นไหว
2141,ศิลา
2142,เด่นชัด
2143,จุดมุ่งหมาย
2144,เนิน
2145,สหประชาชาติ
2146,แบรนด์
2147,เฮีย
2148,ดุจ
2149,เขิน
2150,นายอำเภอ
2151,ข้อเสีย
2152,โดยสิ้นเชิง
2153,ผู้เฒ่า
2154,พึงพอใจ
2155,ซ่อมแซม
2156,เป็นกลาง
2157,เอย
2158,พยากรณ์
2159,จีบ
2160,พรมแดน
2161,รอน
2162,โลภ
2163,ฝืน
2164,ปฐม
2165,ยืดหยุ่น
2166,สมรรถภาพ
2167,แปลกหน้า
2168,ถ่ายทำ
2169,สมัครใจ
2170,พุ่ม
2171,โดด
2172,ศิลป
2173,อิเล็กทรอนิกส์
2174,นิกาย
2175,อวยพร
2176,บาตร
2177,อึ้ง
2178,พระองค์เจ้า
2179,กระโปรง
2180,ปานกลาง
2181,ลงตัว
2182,หาร
2183,ราตรี
2184,เกรด
2185,รับผิด
2186,รู้อยู่
2187,สิทธิมนุษยชน
2188,คลาสสิก
2189,นึกคิด
2190,กรอก
2191,ไวน์
2192,หลุดพ้น
2193,ถกเถียง
2194,นิพนธ์
2195,ภาคตะวันออก
2196,ลำตัว
2197,ทำนาย
2198,ถึงที่
2199,อนึ่ง
2200,ผลัก
2201,กลยุทธ์
2202,น้ำลาย
2203,แทรกแซง
2204,กระแทก
2205,พระราชา
2206,กบฏ
2207,กก
2208,หลักประกัน
2209,ราศี
2210,คว่ำ
2211,แตกแยก
2212,ร้องเรียน
2213,เงย
2214,ส่งตัว
2215,กลบ
2216,เคราะห์
2217,การบริการ
2218,ภาชนะ
2219,สงฆ์
2220,เอาเรื่อง
2221,หมายเหตุ
2222,คุณปู่
2223,อักเสบ
2224,เร่งรัด
2225,ลื้อ
2226,บุคลิกภาพ
2227,ทำเนียบ
2228,ผลเสีย
2229,กระเทือน
2230,พาย
2231,ขอน
2232,ชะงัก
2233,ทาย
2234,เครื่องสำอาง
2235,ของเสีย
2236,ตื้น
2237,คู่มือ
2238,วิสัย
2239,หด
2240,เงินตรา
2241,โมโห
2242,รับคำ
2243,ขว้าง
2244,อาณาเขต
2245,น้อยใจ
2246,จงรักภักดี
2247,ยี
2248,วิวัฒนาการ
2249,เบี้ย
2250,ค่าธรรมเนียม
2251,ผลตอบแทน
2252,ฝ่าฝืน
2253,อสังหาริมทรัพย์
2254,หลอด
2255,น้ำยา
2256,เพิกถอน
2257,บิ
2258,รัฐศาสตร์
2259,โรแมนติก
2260,ข่มขู่
2261,อุทธรณ์
2262,นายแพทย์
2263,เหยียด
2264,หมอน
2265,ตาบอด
2266,ปลายทาง
2267,สถาปนา
2268,ผุด
2269,ฟาร์ม
2270,รายวัน
2271,ทึ่ง
2272,โน้ม
2273,เข็น
2274,เกื้อกูล
2275,เกื้อ
2276,สินเชื่อ
2277,บรรทัด
2278,ฝ้าย
2279,หุ้นส่วน
2280,บด
2281,เจ้าพ่อ
2282,เลี้ยว
2283,เจ้าสาว
2284,อวกาศ
2285,ฉุด
2286,ดิ้น
2287,มาลา
2288,ระเบียง
2289,อ้า
2290,ปั่น
2291,ประมูล
2292,ขืน
2293,ประมวลกฎหมาย
2294,ทยอย
2295,เค็ม
2296,กาม
2297,โปรตีน
2298,เปลือย
2299,เตี้ย
2300,คงที่
2301,พอง
2302,หมั่น
2303,ข้าวต้ม
2304,ผนวก
2305,สังหาร
2306,เคลือบ
2307,หลับตา
2308,เหนียว
2309,จู่
2310,เสี้ยว
2311,ค่าเสียหาย
2312,บูรพา
2313,เจ้าภาพ
2314,ราชสำนัก
2315,เบื้องหน้า
2316,วารสาร
2317,คลัง
2318,โพ
2319,ว่าจ้าง
2320,ดำน้ำ
2321,เสี่ย
2322,มนุษยชาติ
2323,สวดมนต์
2324,ปะการัง
2325,อภัย
2326,งวด
2327,เก๋
2328,คนขับ
2329,ผู้ว่า
2330,ชื่อดัง
2331,สำเนา
2332,ทำเอา
2333,กฎกระทรวง
2334,ตุลาการ
2335,ชง
2336,อาบ
2337,ตอนหลัง
2338,คราบ
2339,เฉือน
2340,หม่อม
2341,บทเพลง
2342,เจตนารมณ์
2343,อุดมคติ
2344,เป็นอันมาก
2345,นารี
2346,บทสนทนา
2347,คนร้าย
2348,ปรีชา
2349,กะทันหัน
2350,เทพเจ้า
2351,นั้นแหละ
2352,สกัด
2353,น้ำพริก
2354,ข้าวเหนียว
2355,สหาย
2356,ปอ
2357,เอื้อม
2358,ผู้ต้องหา
2359,อุตส่าห์
2360,สลัก
2361,ถู
2362,เร่งด่วน
2363,ยอ
2364,โรงไฟฟ้า
2365,บูรณาการ
2366,ชายา
2367,อาณานิคม
2368,ง่ายดาย
2369,มัธยมศึกษา
2370,สายน้ำ
2371,ระบาด
2372,เครื่องดนตรี
2373,น่าน
2374,เจ๊
2375,ดูงาน
2376,เบียด
2377,วงเงิน
2378,ฟ้องร้อง
2379,อุด
2380,ทึบ
2381,พาด
2382,หนวด
2383,เซ็ง
2384,ที่อยู่อาศัย
2385,บอล
2386,ชนชาติ
2387,ทะเลสาบ
2388,แฟ้ม
2389,โรย
2390,เงินสด
2391,ปริ
2392,ลูกหนี้
2393,วนเวียน
2394,คาบ
2395,เจ้าหนี้
2396,บริบูรณ์
2397,แพร
2398,มือขวา
2399,ชายหาด
2400,พระราชพิธี
2401,ส่วนผสม
2402,กระดาน
2403,ลี้
2404,จ่า
2405,ซอก
2406,ความถี่
2407,สูด
2408,โทรศัพท์มือถือ
2409,ลัด
2410,ผลลัพธ์
2411,พ้อง
2412,พยุง
2413,บึง
2414,แบบจำลอง
2415,กำนัน
2416,นิทรรศการ
2417,คล้ำ
2418,หลอดเลือด
2419,เกา
2420,ดื้อ
2421,คอนเสิร์ต
2422,สรรพสิ่ง
2423,ว่างงาน
2424,แนะแนว
2425,ภาคี
2426,ลักลอบ
2427,ข้อคิด
2428,ยั่ว
2429,จิ้ม
2430,เกย์
2431,ชอบใจ
2432,ตึง
2433,แต้ม
2434,ผู้ซื้อ
2435,วุฒิสภา
2436,เนียน
2437,เอ็นดู
2438,โทน
2439,นัดหมาย
2440,กิโลกรัม
2441,หงส์
2442,แร่
2443,เอกราช
2444,นักลงทุน
2445,ซัด
2446,ตอง
2447,สืบสวน
2448,เสมอภาค
2449,พลัน
2450,ลาภ
2451,ทวน
2452,โปร่ง
2453,ชุน
2454,ระวาง
2455,ภาวนา
2456,ลุย
2457,ข้อกำหนด
2458,ต่ำสุด
2459,ฉัตร
2460,แจ้งความ
2461,ลืมตา
2462,ส่งมอบ
2463,ญาณ
2464,วิหาร
2465,เก็บรักษา
2466,คู่รัก
2467,แยกแยะ
2468,หมู่เกาะ
2469,ข้อเสนอแนะ
2470,เสียเปรียบ
2471,แก้ตัว
2472,ผู้รับผิดชอบ
2473,คาดการณ์
2474,กีดกัน
2475,หัวเมือง
2476,ตั้งตัว
2477,แววตา
2478,จูบ
2479,นามธรรม
2480,วิตามิน
2481,เตี่ย
2482,กอล์ฟ
2483,เจาะจง
2484,สาธารณรัฐ
2485,ประจวบ
2486,ข้อสอบ
2487,ส่วนท้องถิ่น
2488,โมฆะ
2489,ปีงบประมาณ
2490,กายภาพ
2491,บ่งชี้
2492,อคติ
2493,กรัม
2494,คิดมาก
2495,ตึงเครียด
2496,การ์ด
2497,เทือกเขา
2498,ดีเซล
2499,ลังเล
2500,ร้องทุกข์
2501,เกร็ง
2502,นิจ
2503,ทรุด
2504,นิดหนึ่ง
2505,กลาโหม
2506,ระแวง
2507,ประหลาดใจ
2508,พ่อคุณ
2509,ปีศาจ
2510,กู้เงิน
2511,เคี้ยว
2512,สโมสร
2513,รั้ง
2514,ประชาคม
2515,ต้าน
2516,คลินิก
2517,เฟอร์นิเจอร์
2518,เบียดเบียน
2519,บรรจง
2520,พวง
2521,เทนนิส
2522,ข้อพิพาท
2523,สั่งซื้อ
2524,หิมะ
2525,ถาด
2526,กรี๊ด
2527,เซล
2528,วูบ
2529,ที่แท้
2530,รุ้ง
2531,เริ่มแรก
2532,คะแนนเสียง
2533,โยกย้าย
2534,เท่
2535,บวม
2536,มุ่งหน้า
2537,น้ำปลา
2538,กรง
2539,ฮอร์โมน
2540,เบส
2541,ชื้น
2542,ระบำ
2543,กรรมกร
2544,กุญแจเสียง
2545,ปิ่น
2546,กดขี่
2547,กระมัง
2548,จ้างงาน
2549,ครา
2550,กรรมสิทธิ์
2551,พุทธศักราช
2552,ชาดก
2553,นัง
2554,ตอนเย็น
2555,ภิกษุ
2556,กิโล
2557,ต่อย
2558,กระเพาะ
2559,บังคับบัญชา
2560,บ่อน
2561,แม่น
2562,ข้างเคียง
2563,พิกัด
2564,โปร่งใส
2565,พระราชดำริ
2566,ตายตัว
2567,เกี่ยวเนื่อง
2568,จรด
2569,ซอ
2570,แผนงาน
2571,ย่น
2572,จำนำ
2573,ปัสสาวะ
2574,หมัด
2575,กระเทียม
2576,สืบเนื่อง
2577,ค้ำประกัน
2578,ยัก
2579,มหาอำนาจ
2580,ปากกา
2581,เรียงราย
2582,เนื้อสัตว์
2583,สะดุ้ง
2584,ก๊ก
2585,สูงส่ง
2586,ยัด
2587,จูง
2588,นิติ
2589,ไซต์
2590,โด่งดัง
2591,เล็ง
2592,ลวง
2593,สายลม
2594,นายพล
2595,หิ้ว
2596,กรด
2597,ข้าหลวง
2598,เป้
2599,บ่า
2600,กรรมาธิการ
2601,มุข
2602,ปิดบัง
2603,ช้ำ
2604,สนธิสัญญา
2605,มะนาว
2606,ถิ่นฐาน
2607,แปะ
2608,ออกซิเจน
2609,ฟาด
2610,เส้นผม
2611,สหภาพ
2612,ตะกร้า
2613,ผู้เยาว์
2614,แออัด
2615,พื้นผิว
2616,ราชกิจจานุเบกษา
2617,ค่ำคืน
2618,ปวดหัว
2619,คลาน
2620,ถล่ม
2621,คู่หมั้น
2622,พรรณนา
2623,สัมพันธภาพ
2624,ยิ้มแย้ม
2625,เค้ก
2626,โถง
2627,ปัญญาชน
2628,หน้าผาก
2629,ชาตินิยม
2630,ชลประทาน
2631,สัมปทาน
2632,หันหลัง
2633,ฝึกหัด
2634,เหลือบ
2635,พนักงานสอบสวน
2636,เผ็ด
2637,สนั่น
2638,ห้างสรรพสินค้า
2639,ง่วง
2640,ลอด
2641,ผู้ส่งออก
2642,เงินเฟ้อ
2643,ชี้ขาด
2644,หมัก
2645,มอเตอร์ไซค์
2646,กรีด
2647,กรมศิลปากร
2648,ฝ่ามือ
2649,เหี่ยว
2650,ประถมศึกษา
2651,จิ๋ว
2652,ดุลยภาพ
2653,ฟื้นตัว
2654,กลั่นกรอง
2655,แอลกอฮอล์
2656,ขุ่น
2657,ยานพาหนะ
2658,โธ่
2659,เมื่อย
2660,นินทา
2661,ลูบ
2662,แพน
2663,กองกำลัง
2664,ร่าเริง
2665,โต้แย้ง
2666,รุกราน
2667,โอบ
2668,จุดยืน
2669,เกี่ยวพัน
2670,มูลฝอย
2671,ลำคอ
2672,คุณลักษณะ
2673,นุช
2674,เรือนจำ
2675,ผูกขาด
2676,ยอดเยี่ยม
2677,เสนอแนะ
2678,เอกภาพ
2679,เดินหน้า
2680,นัยน์ตา
2681,แผ่ว
2682,หน้ากาก
2683,แก๊ง
2684,บริบท
2685,สารสนเทศ
2686,ฎีกา
2687,ปฏิบัติธรรม
2688,วิพากษ์
2689,ชำรุด
2690,ลิตร
2691,แถลงข่าว
2692,วิว
2693,ตำหนัก
2694,พราน
2695,สรรหา
2696,เชื้อโรค
2697,สมการ
2698,แกนนำ
2699,ผู้ขาย
2700,ลายเซ็น
2701,แย้ม
2702,อนุโลม
2703,ปริมณฑล
2704,เวทนา
2705,มโน
2706,ลุ่มน้ำ
2707,พระราชกฤษฎีกา
2708,ชก
2709,นักสืบ
2710,ถีบ
2711,รับแขก
2712,ต้านทาน
2713,อัลบั้ม
2714,โวยวาย
2715,รักษาการ
2716,สะบัด
2717,ไอศกรีม
2718,ค่าเฉลี่ย
2719,ราชโองการ
2720,นิคม
2721,รับมือ
2722,ภัทร
2723,โคจร
2724,ถ่านหิน
2725,สลับซับซ้อน
2726,อัตราส่วน
2727,เงินได้
2728,บี้
2729,เริง
2730,พัสดุ
2731,โภชนาการ
2732,กลั้น
2733,เจ้าคุณ
2734,พฤติการณ์
2735,อีกหน่อย
2736,ต่อม
2737,กรรมาชีพ
2738,ขั้นต่ำ
2739,สาบาน
2740,กระชาก
2741,พริกไทย
2742,อุปการะ
2743,หวั่น
2744,นิพพาน
2745,ขับเคลื่อน
2746,โฆษก
2747,นักหนา
2748,ชัดแจ้ง
2749,พิธีการ
2750,เต๋า
2751,คลอ
2752,ซุ้ม
2753,ทางหลวง
2754,นิมิต
2755,เต็มที
2756,ตัณหา
2757,ภูมิศาสตร์
2758,ฉลาก
2759,มเหสี
2760,เนื้อเรื่อง
2761,ส่วนภูมิภาค
2762,เสื่อมโทรม
2763,ข่ม
2764,ผู้บัญชาการ
2765,ประชาชาติ
2766,ลงทะเบียน
2767,กระเด็น
2768,หลักทรัพย์
2769,โคลง
2770,คืบหน้า
2771,สินทรัพย์
2772,คุณตา
2773,ระฆัง
2774,คดีอาญา
2775,ประชามติ
2776,นักคิด
2777,อ่อนหวาน
2778,ล็อค
2779,เคือง
2780,ปัง
2781,ผู้ถือหุ้น
2782,แวบ
2783,พระเกียรติ
2784,ภูมิลำเนา
2785,หยอด
2786,ปฏิสัมพันธ์
2787,ปิโตรเลียม
2788,ประนอม
2789,ขาดดุล
2790,ภาพพจน์
2791,คำมั่น
2792,ทับทิม
2793,วิกฤตการณ์
2794,เรื้อรัง
2795,ผู้แสดง
2796,ทันใด
2797,เปียโน
2798,ชักจูง
